{
  "12doglady.bsky.social": 0,
  "44lights.bsky.social": 1,
  "alexius08.bsky.social": 2,
  "amburjama.bsky.social": 3,
  "amgmi.bsky.social": 4,
  "anotherjewinla75.bsky.social": 5,
  "anthor-nl.bsky.social": 6,
  "apostolo5.bsky.social": 7,
  "artcandee.bsky.social": 8,
  "becketlake.bsky.social": 9,
  "benzguy95.bsky.social": 10,
  "bgwitt311.bsky.social": 11,
  "bostondukeman.bsky.social": 12,
  "brittanybarnes.bsky.social": 13,
  "celya723.bsky.social": 14,
  "coffinsharon.bsky.social": 15,
  "conellj001.bsky.social": 16,
  "confusedpenguin.bsky.social": 17,
  "coralgableswang.bsky.social": 18,
  "dante-alighieri.bsky.social": 19,
  "davidkc.bsky.social": 20,
  "drcquincy.bsky.social": 21,
  "eileenaddison.bsky.social": 22,
  "evamcbain09.bsky.social": 23,
  "faratabrizi.bsky.social": 24,
  "farbeitfromme.bsky.social": 25,
  "firefly55.bsky.social": 26,
  "fuffy52.bsky.social": 27,
  "fwe1991.bsky.social": 28,
  "gabaroar.bsky.social": 29,
  "gbfenix.bsky.social": 30,
  "genx-mikeybald.bsky.social": 31,
  "gocatsfan.bsky.social": 32,
  "gypsylee54.bsky.social": 33,
  "henricuspeters.bsky.social": 34,
  "hildarpuen.bsky.social": 35,
  "ifnotnowwhen.bsky.social": 36,
  "jamipatton.bsky.social": 37,
  "jjurek.bsky.social": 38,
  "jnasty.bsky.social": 39,
  "joepro5013.bsky.social": 40,
  "johnhougen.bsky.social": 41,
  "johnpavlovitz.bsky.social": 42,
  "jonathanmlewis.bsky.social": 43,
  "joshuacrime.bsky.social": 44,
  "jrolle.bsky.social": 45,
  "jvall.bsky.social": 46,
  "kasota.bsky.social": 47,
  "keithengland.bsky.social": 48,
  "kelllidj.bsky.social": 49,
  "lab2.bsky.social": 50,
  "ladyroguemaura303.bsky.social": 51,
  "lamareada.bsky.social": 52,
  "ledredman.bsky.social": 53,
  "liberal-g.bsky.social": 54,
  "library-liz.bsky.social": 55,
  "loulund.bsky.social": 56,
  "lowinfocitizen.bsky.social": 57,
  "madninnie.bsky.social": 58,
  "magicalmerlin20-0.bsky.social": 59,
  "michael4.bsky.social": 60,
  "modernistcreator.bsky.social": 61,
  "moonerthelooner.bsky.social": 62,
  "naroop.bsky.social": 63,
  "nursed-76.bsky.social": 64,
  "oceanfire1111.bsky.social": 65,
  "oilgaschemicals.bsky.social": 66,
  "onewokecitizen.bsky.social": 67,
  "onthecaseman.bsky.social": 68,
  "originalsp.in": 69,
  "palmtreejutsu.bsky.social": 70,
  "passthesalty.bsky.social": 71,
  "patdorsey.bsky.social": 72,
  "pearlsb4elise.bsky.social": 73,
  "persistentpatriot.bsky.social": 74,
  "pie20121.bsky.social": 75,
  "prudentdemocrat.bsky.social": 76,
  "rainbowwalker.bsky.social": 77,
  "rheya129.bsky.social": 78,
  "ronik.bsky.social": 79,
  "rosedaletom.bsky.social": 80,
  "rpipe.bsky.social": 81,
  "sachie2018.bsky.social": 82,
  "sailorsmoons.bsky.social": 83,
  "sakman6.bsky.social": 84,
  "sakurabana1.bsky.social": 85,
  "scotlandishson.bsky.social": 86,
  "shewolfnc.bsky.social": 87,
  "solidasarox.bsky.social": 88,
  "stoptheshitnado.bsky.social": 89,
  "super-mutt.bsky.social": 90,
  "t2meg.bsky.social": 91,
  "techguy42.bsky.social": 92,
  "tenneynaumer.bsky.social": 93,
  "therealmothman.bsky.social": 94,
  "theresareloveution.bsky.social": 95,
  "tieteapot.bsky.social": 96,
  "timcollinsavl.bsky.social": 97,
  "timzers.bsky.social": 98,
  "turnedcorners.bsky.social": 99,
  "tx4eva.bsky.social": 100,
  "upbeateater.bsky.social": 101,
  "visoredavenger.bsky.social": 102,
  "wordsornumbers.bsky.social": 103
}