[
  {
    "post_uri": "at://did:plc:qxudeqrdbv6676vzjssrhllo/app.bsky.feed.post/3laylqmyff22r",
    "main_toxicity": 0.718943,
    "main_sentiment": 0.0,
    "avg_reply_toxicity": 0.24676768628942308,
    "replies": [
      {
        "text": "Cue the \u201cI can\u2019t believe the leopard ate my face\u201d lady.",
        "toxicity": 0.1996317,
        "sentiment": 0.0
      },
      {
        "text": "Democratic leaders would do well to understand and target her voters. Who are they and why do they vote for her, over and over again? Are they Russian sleepers? lol",
        "toxicity": 0.2853768,
        "sentiment": 0.644
      },
      {
        "text": "That was my first ever election as an 18-year-old in MA.  I had never even heard of her.\n\nI voted for Shannon O\u2019Brien.",
        "toxicity": 0.0076338826,
        "sentiment": 0.0
      },
      {
        "text": "Where is Tanya Harding when you need her?",
        "toxicity": 0.02048268,
        "sentiment": 0.0
      },
      {
        "text": "I did the math. If there would have been no third party, there would be a recount. 500,000 difference between both.",
        "toxicity": 0.011120965,
        "sentiment": 0.128
      },
      {
        "text": "This is now very common. Here in Canada, we are facing the same thing. \"Green\" candidates are just a vote splitting fraud. They vote down democrats, and liberals, knowing full well that they are helping elect anti-environment right wingers. Jill Stein had dinner with Putin which says it all.",
        "toxicity": 0.14082454,
        "sentiment": -0.128
      },
      {
        "text": "To say nothing about being a puppet for Putin\u2026",
        "toxicity": 0.4269174,
        "sentiment": 0.0
      },
      {
        "text": "That's a bad example since Romney would still have won.",
        "toxicity": 0.05255287,
        "sentiment": 0.0516
      },
      {
        "text": "What the hell is a green rainbow!",
        "toxicity": 0.44933176,
        "sentiment": -0.7088
      },
      {
        "text": "Isn\u2019t there a better example? Mitt would have won this race with or without her.",
        "toxicity": 0.054284602,
        "sentiment": 0.765
      },
      {
        "text": "These people will whine and whine and whine about not having better third parties....and then they \"show up\" once every four years to vote for a grifter and then disappear.\n\nThird parties take cultivation folks, be the change you want to see. Voting for a moonshot twice a decade ain't it.",
        "toxicity": 0.3057765,
        "sentiment": -0.7786
      },
      {
        "text": "Ralph Nader used to do the same thing. He cost us the 2000 election.",
        "toxicity": 0.016021729,
        "sentiment": 0.0
      },
      {
        "text": "People really need to start connecting the dots here.",
        "toxicity": 0.054284602,
        "sentiment": 0.0
      },
      {
        "text": "I would wager that a good part of those payments are from Ruussia.",
        "toxicity": 0.025320992,
        "sentiment": 0.4404
      },
      {
        "text": "I thought you weren\u2019t going to engage in blaming the left on this platform\u2026",
        "toxicity": 0.043646812,
        "sentiment": -0.2023
      },
      {
        "text": "It was so frustration watching that deal Pete Buttigieg did with voters and that one gal just absolutely dug in thinking that voting for Stein would get her environmental policies traction.  Soon...we will have no environment.  Thanks Stein voter",
        "toxicity": 0.104361884,
        "sentiment": -0.5092
      },
      {
        "text": "Jill Stein is not a waste of space; she's a self-aggrandized spoiler whose ties to Russia are clear.",
        "toxicity": 0.36867723,
        "sentiment": 0.6036
      },
      {
        "text": "Continue blaming Jill and continue losing. If you start putting pressure on our party to give us actual candidates we can rally behind, you will be blown away with how 3rd party candidates do not change our chances of election.",
        "toxicity": 0.102626406,
        "sentiment": -0.4926
      },
      {
        "text": "She literally appears from her hole once every four years to con people out of money and skew the results. Why don\u2019t we ever see Green Party members putting up campaigns down ticket if they are a serious 3rd choice?",
        "toxicity": 0.23739935,
        "sentiment": 0.34
      },
      {
        "text": "I wonder if she is a Republican herself? ... or just stupid.",
        "toxicity": 0.85173553,
        "sentiment": -0.5267
      },
      {
        "text": "I was a willing idiot this time. The bs is too much from status quo",
        "toxicity": 0.6342749,
        "sentiment": -0.5106
      },
      {
        "text": "She gets votes because both parties have their own suckiness.  Every person I know who did vote for her was because the lack of response from Dems on Israel.  Until the Dems play the numbers better, the result is the ass whooping we got.",
        "toxicity": 0.6027529,
        "sentiment": 0.296
      },
      {
        "text": "At this point it's a crank vote and we should assume that they were never available under any circumstance",
        "toxicity": 0.07845957,
        "sentiment": 0.0
      },
      {
        "text": "So, your account on this site is just gonna drum up Jill Stein derangement syndrome when you're having a bad day or some shit?\n\nWhatever helps you cope, I guess.",
        "toxicity": 0.6289369,
        "sentiment": -0.6705
      },
      {
        "text": "I will continue to vote for someone that stands for peace and wants to save our planet. Your bullying of others for voting with their conscience won\u2019t deter me in the slightest. #freepalestine \ud83c\uddf5\ud83c\uddf8",
        "toxicity": 0.112746716,
        "sentiment": 0.4215
      },
      {
        "text": "I suspect Putin is behind her running,",
        "toxicity": 0.049336795,
        "sentiment": -0.296
      },
      {
        "text": "Yeah. Her family staged an intervention to get her to drop out. According to a friend who knows them it\u2019s the self righteousness of her and the Green Party. It\u2019s like they\u2019d rather tank the dems than protect us americans. So there\u2019s that\ud83d\ude2a",
        "toxicity": 0.11202335,
        "sentiment": 0.8779
      },
      {
        "text": "Having said that, millions of dems stayed home or were chucked off the voter roles. Who knows. I am still in shock.",
        "toxicity": 0.08083374,
        "sentiment": -0.3818
      },
      {
        "text": "Some people who supported Bernie fled to the Greens when he was ousted. Now they use Gaza as an excuse, accusing Biden a war criminal who hangs with genocidal maniacs. True. But they don\u2019t have the same outrage when Stein hangs out with Putin and Assad, both genocidal maniacs. Their actions ensured",
        "toxicity": 0.47886392,
        "sentiment": -0.8793
      },
      {
        "text": "Add Jill steins votes to the democrats in this photo and the democrat still loses. Practice your math skills",
        "toxicity": 0.11357342,
        "sentiment": -0.3182
      },
      {
        "text": "Protest votes just make me cringe. They realize that their vote will probably cost the election but do it anyway. I say they are not libertarians, they\u2019re cowards.",
        "toxicity": 0.5885171,
        "sentiment": -0.1558
      },
      {
        "text": "So what has the democrats done to earn votes from the Green Party? Besides vote shaming because that doesn\u2019t work.",
        "toxicity": 0.15435068,
        "sentiment": 0.4019
      },
      {
        "text": "I believe we should have a multiparty democracy - they are actually more stable. But you\u2019re not going to get there voting for tiny 3rd parties. There are numerous, quite a lot, Dem pols who support opening up the system. Investigate the issue during primaries.",
        "toxicity": 0.018849092,
        "sentiment": 0.8337
      },
      {
        "text": "Election after election after election.\n\nThe memory of a gnat.",
        "toxicity": 0.1693855,
        "sentiment": 0.0
      },
      {
        "text": "The Mariah Carey of presidential elections.",
        "toxicity": 0.013948329,
        "sentiment": 0.0
      },
      {
        "text": "How has she not realized no one fucking wants her. Just give it up Jill",
        "toxicity": 0.68408644,
        "sentiment": 0.2235
      },
      {
        "text": "Arab Americans voted to complete the genocide. \nI really dislike stupid",
        "toxicity": 0.8299589,
        "sentiment": -0.763
      },
      {
        "text": "Now she will retreat to her Russian off season election home until she's needed again in 2028.  If people didn't know there are many pictures of her having dinners with Russian oligarchs",
        "toxicity": 0.103494145,
        "sentiment": 0.2023
      },
      {
        "text": "Well-paid Republican spoiler, acting as a conduit straight to the Kremlin.",
        "toxicity": 0.24442963,
        "sentiment": 0.2263
      },
      {
        "text": "They only pay her when they know things will be close.  Just can\u2019t fix stupid.",
        "toxicity": 0.78207105,
        "sentiment": -0.5859
      },
      {
        "text": "My favorite explanation for a lot of negative events fits now: the average IQ is 100. Since Orange draws from barrel bottom, what's MAGA average?",
        "toxicity": 0.112643376,
        "sentiment": -0.1779
      },
      {
        "text": "Repeat\u2026lose\u2026repeat\u2026lose\u2026maybe next time, vote wasters!!",
        "toxicity": 0.27236435,
        "sentiment": 0.0
      },
      {
        "text": "yep",
        "toxicity": 0.014827953,
        "sentiment": 0.296
      },
      {
        "text": "Jill Stein is Russia paid opposition\u2026 I don\u2019t know how people not seeing it",
        "toxicity": 0.05750068,
        "sentiment": 0.0
      },
      {
        "text": "And it's russia that's been paying her.",
        "toxicity": 0.055026773,
        "sentiment": 0.0
      },
      {
        "text": "really the issue with most third parties is they cant win because they arent even in enough states to have a chance at winning the EC. I suggest before anyone vote for one, they check if they have a chance at all. if they dont they are clearly there til disrupt voting to confuse the issue.",
        "toxicity": 0.0201057,
        "sentiment": 0.4851
      },
      {
        "text": "Jill hanging out with Putin. She's been a Russian spoiler for a long time. Tulsi too.",
        "toxicity": 0.32971194,
        "sentiment": 0.0
      },
      {
        "text": "So many of the responses here fill me with hope. Sensible people, progressive politics, evidence-based policies, and generally united in saying that Jill Stein is worse than a fake. She is in an enabler for MAGAts and also for other right-wing politics.",
        "toxicity": 0.26104406,
        "sentiment": -0.128
      },
      {
        "text": "You have to wonder how much money she rakes in from each of her Candidacy she's not a serious candidate, she knows she's not, she either enjoys the fundraising or being paid off to run",
        "toxicity": 0.119997114,
        "sentiment": -0.357
      },
      {
        "text": "lifelong resident, and oh how I remember this!",
        "toxicity": 0.0154562555,
        "sentiment": 0.0
      },
      {
        "text": "Trump will make her an official ambassador to Russia",
        "toxicity": 0.027913637,
        "sentiment": 0.0
      },
      {
        "text": "Idiots\u2026",
        "toxicity": 0.78855824,
        "sentiment": 0.0
      },
      {
        "text": "there are people who are dumber than a bag of hammers, even in the country's most educated state.",
        "toxicity": 0.6863638,
        "sentiment": -0.3612
      },
      {
        "text": "There is no reasoning with those folks.",
        "toxicity": 0.17718399,
        "sentiment": -0.296
      },
      {
        "text": "She's another nut.  And now the nuts are running the country.",
        "toxicity": 0.60254884,
        "sentiment": -0.3182
      },
      {
        "text": "#JillSteinIsARussianAsset",
        "toxicity": 0.23667802,
        "sentiment": 0.0
      },
      {
        "text": "She's the scab but this is Xpool crap with repressed emotions",
        "toxicity": 0.65996873,
        "sentiment": -0.7469
      },
      {
        "text": "It\u2019s infuriating!!!",
        "toxicity": 0.14950264,
        "sentiment": -0.6458
      },
      {
        "text": "What the hell is up with her?",
        "toxicity": 0.50789946,
        "sentiment": -0.6808
      },
      {
        "text": "There are just people who love to self-sabotage their friends and family. They avoid and steer everyone away from true successful operations. Instead they seek cracks forming, and open them.\n\nIt\u2019s a type of abuse, inducing dependency. The world is constantly failing. Victim looks for a savior.",
        "toxicity": 0.10045706,
        "sentiment": 0.4767
      },
      {
        "text": "Ah, the protest vote. Not a chance in hell of winning, but let\u2019s show those Democrats. I think I\u2019ll find a way to eliminate them from my life like I am doing the Trump zealots. I\u2019m too old for that crap anymore.",
        "toxicity": 0.6588125,
        "sentiment": 0.0803
      },
      {
        "text": "More and more mitt Romney seems so normal.",
        "toxicity": 0.0466155,
        "sentiment": 0.0
      },
      {
        "text": "Well paid, and collects it in rubles.",
        "toxicity": 0.017089844,
        "sentiment": 0.2732
      },
      {
        "text": "Maddow on Deadline WH said Trump is following authoritarian playbook by appointing people to shrivel (her word) functions they oversee w/ goal of concentrating power w/ executive (Trump). I hope the R's in congress watch Nicolle Wallace! They're toast in Trump world. \nWhat happens next? Predictions?",
        "toxicity": 0.079250954,
        "sentiment": 0.5502
      },
      {
        "text": "Is she in Gaza yet?",
        "toxicity": 0.051563308,
        "sentiment": 0.0
      },
      {
        "text": "Yup!",
        "toxicity": 0.01017851,
        "sentiment": 0.0
      },
      {
        "text": "Jill Stein is useless and can call herself what she wants, but she's an R as far as I'm concerned.",
        "toxicity": 0.5721988,
        "sentiment": -0.2263
      },
      {
        "text": "Yep, Jill Stein has always been a Putrid puppet. Green Party my ass",
        "toxicity": 0.8299589,
        "sentiment": 0.1027
      },
      {
        "text": "Even living in MA, I didn't realize she ran for governor here. But, I had 2 toddlers and another one on the way. I know for sure I didn't vote for her.",
        "toxicity": 0.04686289,
        "sentiment": 0.4497
      },
      {
        "text": "We have been yelling that for years. We can't seem to get extreme people way left to believe us. We need to keep showing them facts.",
        "toxicity": 0.049089402,
        "sentiment": 0.0
      },
      {
        "text": "Stein is for sure a grifting loser. But the math in this specific race doesn\u2019t show she spoiled it. Romney still wins by 30K votes",
        "toxicity": 0.568186,
        "sentiment": 0.6705
      },
      {
        "text": "I lived there then and remember being so angry about her spoiling that election too.",
        "toxicity": 0.08004235,
        "sentiment": -0.6418
      },
      {
        "text": "I love how they point blank admitted it this time, and their dumbfuck supporters just ignored it, proving it was never about Palestine, but to give them a false sense of moral superiority.",
        "toxicity": 0.6027529,
        "sentiment": 0.7351
      },
      {
        "text": "Are you going to do AMA here tonight?",
        "toxicity": 0.038519915,
        "sentiment": 0.0
      },
      {
        "text": "Wish Mitt had won the Presidency.",
        "toxicity": 0.019477395,
        "sentiment": 0.7506
      },
      {
        "text": "Yes, by all means, demonize the voters! Shut down voting choices! Don\u2019t let them but someone who doesn\u2019t want war!! Not that!!! How could republicans support that!! greentrainrevolution.com/jill-stein-f...",
        "toxicity": 0.1641865,
        "sentiment": -0.3956
      },
      {
        "text": "If all the people who voted for \"other\" candidates had voted for Harris instead, she would have won. Trump beat her by 1.4% and 1.9% voted for \"other\".",
        "toxicity": 0.013697007,
        "sentiment": 0.5719
      },
      {
        "text": "they know, they just don't care. \ud83d\ude02",
        "toxicity": 0.09828771,
        "sentiment": -0.3875
      },
      {
        "text": "Yup \ud83d\ude12",
        "toxicity": 0.009173225,
        "sentiment": 0.0
      },
      {
        "text": "\"Running for office\" is her job, just like Kari Lake.",
        "toxicity": 0.033334624,
        "sentiment": 0.3612
      },
      {
        "text": "There should be a rule that if you lose more than 3 elections, you should be barred from running for that post ever again.",
        "toxicity": 0.0414203,
        "sentiment": -0.4019
      },
      {
        "text": "Still not enough to change the results but old Jill is a shill.",
        "toxicity": 0.4269174,
        "sentiment": 0.0
      },
      {
        "text": "Hopefully she gets kicked out of the Green Party after all this",
        "toxicity": 0.3367073,
        "sentiment": 0.6597
      },
      {
        "text": "I will fully acknowledge that Jill Stein didn\u2019t receive enough votes this election that could\u2019ve turned the tides in Harris\u2019 favor, but that doesn\u2019t make the people who voted for/supported her any less irritating. She knew she wasn\u2019t going to win! She\u2019s a grifter. That\u2019s all she\u2019s ever been.",
        "toxicity": 0.45396814,
        "sentiment": 0.5833
      },
      {
        "text": "Give voters her platform and you wouldn't lose them. \nBetter yet, let's have ranked choice voting.",
        "toxicity": 0.013508516,
        "sentiment": -0.0382
      },
      {
        "text": "This isn\u2019t a spoil if Romney still would have won had O\u2019Brien collected all of Stein\u2019s votes (which she wouldn\u2019t have).",
        "toxicity": 0.03592727,
        "sentiment": 0.5719
      },
      {
        "text": "To put the point bluntly - Putin invites her to dine with him, his psyops teams magnify her, because his psyops generally only need to seek to influence a race perhaps 1% or so in swing districts - and 'green' agendas 3rd party candidates do the trick nicely.",
        "toxicity": 0.1798404,
        "sentiment": 0.6597
      },
      {
        "text": "I keep saying this\u2026",
        "toxicity": 0.017592486,
        "sentiment": 0.0
      },
      {
        "text": "I really wish people understood this fully. There is no getting through the \"I voted for Jill Stein because I didn't like the major party candidates and it's time for change\" nonsense.\n\nThey don't seem to get they're on the same ride we are.",
        "toxicity": 0.18269104,
        "sentiment": -0.1483
      },
      {
        "text": "We need to have a serious sit down with these folks. \ud83d\ude15",
        "toxicity": 0.15048122,
        "sentiment": -0.0772
      },
      {
        "text": "And before that we had Ralph Nader for the Green Party. I get it has a place in other countries that don\u2019t have a two party system, but all it\u2019s done here is put republicans in office that cause the exact things that third party voters were supposedly against in the first place.",
        "toxicity": 0.024613906,
        "sentiment": 0.7391
      },
      {
        "text": "Rainbow my ass. Where have I been?",
        "toxicity": 0.8403191,
        "sentiment": -0.5423
      },
      {
        "text": "Ugh\u2026.Like the saying goes, you can\u2019t fix stupid, and the stupid clearly don\u2019t learn from their mistakes. \u201cIt will be different this time\u201d the definition of insanity.",
        "toxicity": 0.7701451,
        "sentiment": -0.8834
      },
      {
        "text": "And like all Republicans, she's a Russian asset.",
        "toxicity": 0.2524482,
        "sentiment": 0.6124
      },
      {
        "text": "People never learn. History does keep repeating itself.",
        "toxicity": 0.030977672,
        "sentiment": 0.0
      },
      {
        "text": "please tell me you will start doing your AMAs on bluesky.  I just deleted my twitter account and I am going to really miss them.",
        "toxicity": 0.067380086,
        "sentiment": 0.1045
      },
      {
        "text": "She clearly takes more of the nut bar voters from the republicans side! NOT the dems side!!!",
        "toxicity": 0.2854971,
        "sentiment": 0.5951
      },
      {
        "text": "What does she do in between elections?",
        "toxicity": 0.010995304,
        "sentiment": 0.0
      },
      {
        "text": "This might be so but we fucked it up! A Jill Stein on steroid working for democrats would not have saved us.",
        "toxicity": 0.5972042,
        "sentiment": -0.8953
      },
      {
        "text": "Useful fools gonna useful fool.",
        "toxicity": 0.64447093,
        "sentiment": -0.0772
      },
      {
        "text": "She came to Michigan and convinced the Arab community not to vote for Kamala.  Really, really pissed me off!",
        "toxicity": 0.4574824,
        "sentiment": -0.5209
      },
      {
        "text": "I've met them.  They're the \"don't vote-shame\" progressives.",
        "toxicity": 0.17631748,
        "sentiment": 0.0
      },
      {
        "text": "So many, I block them as soon as I see them",
        "toxicity": 0.20009702,
        "sentiment": -0.4902
      },
      {
        "text": "Leave Jill Stein alone! #JillSteinforPrez #Libsky",
        "toxicity": 0.04290464,
        "sentiment": -0.3595
      }
    ]
  }
]