{
    "posts": [
        {
            "author": {
                "did": "did:plc:ynl2frkgfgqsi4s2v4q62gp6",
                "handle": "blueskyuser123.bsky.social",
                "associated": null,
                "avatar": "https://cdn.bsky.app/img/avatar/plain/did:plc:ynl2frkgfgqsi4s2v4q62gp6/bafkreif7vgd367neyjbebsnazzgdnsyk3qqp3dxofcte2zyqahxvtbi6zy@jpeg",
                "created_at": "2024-10-01T16:22:14.141Z",
                "display_name": "",
                "labels": [],
                "viewer": {
                    "blocked_by": false,
                    "blocking": null,
                    "blocking_by_list": null,
                    "followed_by": null,
                    "following": null,
                    "known_followers": null,
                    "muted": false,
                    "muted_by_list": null,
                    "py_type": "app.bsky.actor.defs#viewerState"
                },
                "py_type": "app.bsky.actor.defs#profileViewBasic"
            },
            "cid": "bafyreigenjhyjzn723yoaedxgwkqbrsvpi6zewsz65tfflz4juyr7qlafe",
            "indexed_at": "2025-03-18T09:05:12.215Z",
            "record": {
                "created_at": "2025-03-18T09:05:11.680Z",
                "text": "This is a quote",
                "embed": {
                    "record": {
                        "cid": "bafyreiheocwhmc5gz7zd2v7xfnzvdiqn35gnesuojcsg62t37xqadpkmta",
                        "uri": "at://did:plc:ynl2frkgfgqsi4s2v4q62gp6/app.bsky.feed.post/3l5hobgriad2r",
                        "py_type": "com.atproto.repo.strongRef"
                    },
                    "py_type": "app.bsky.embed.record"
                },
                "entities": null,
                "facets": null,
                "labels": null,
                "langs": [
                    "en"
                ],
                "reply": null,
                "tags": null,
                "py_type": "app.bsky.feed.post"
            },
            "uri": "at://did:plc:ynl2frkgfgqsi4s2v4q62gp6/app.bsky.feed.post/3lknctw4z2s24",
            "embed": {
                "record": {
                    "author": {
                        "did": "did:plc:ynl2frkgfgqsi4s2v4q62gp6",
                        "handle": "blueskyuser123.bsky.social",
                        "associated": null,
                        "avatar": "https://cdn.bsky.app/img/avatar/plain/did:plc:ynl2frkgfgqsi4s2v4q62gp6/bafkreif7vgd367neyjbebsnazzgdnsyk3qqp3dxofcte2zyqahxvtbi6zy@jpeg",
                        "created_at": "2024-10-01T16:22:14.141Z",
                        "display_name": "",
                        "labels": [],
                        "viewer": {
                            "blocked_by": false,
                            "blocking": null,
                            "blocking_by_list": null,
                            "followed_by": null,
                            "following": null,
                            "known_followers": null,
                            "muted": false,
                            "muted_by_list": null,
                            "py_type": "app.bsky.actor.defs#viewerState"
                        },
                        "py_type": "app.bsky.actor.defs#profileViewBasic"
                    },
                    "cid": "bafyreiheocwhmc5gz7zd2v7xfnzvdiqn35gnesuojcsg62t37xqadpkmta",
                    "indexed_at": "2024-10-01T16:46:06.819Z",
                    "uri": "at://did:plc:ynl2frkgfgqsi4s2v4q62gp6/app.bsky.feed.post/3l5hobgriad2r",
                    "value": {
                        "created_at": "2024-10-01T16:46:06.819836+00:00",
                        "text": "Hello world! I posted this via the Python SDK.",
                        "embed": null,
                        "entities": null,
                        "facets": null,
                        "labels": null,
                        "langs": [
                            "en"
                        ],
                        "reply": null,
                        "tags": null,
                        "py_type": "app.bsky.feed.post"
                    },
                    "embeds": [],
                    "labels": [],
                    "like_count": 0,
                    "quote_count": 1,
                    "reply_count": 0,
                    "repost_count": 0,
                    "py_type": "app.bsky.embed.record#viewRecord"
                },
                "py_type": "app.bsky.embed.record#view"
            },
            "labels": [],
            "like_count": 0,
            "quote_count": 0,
            "reply_count": 0,
            "repost_count": 0,
            "threadgate": null,
            "viewer": {
                "embedding_disabled": false,
                "like": null,
                "pinned": null,
                "reply_disabled": null,
                "repost": null,
                "thread_muted": false,
                "py_type": "app.bsky.feed.defs#viewerState"
            },
            "py_type": "app.bsky.feed.defs#postView"
        }
    ]
}