{
    "likes": [
        {
            "actor": {
                "did": "did:plc:vrvtizsdwdu734ry27f4mwcl",
                "handle": "pastorofreality.bsky.social",
                "displayName": "Bob L",
                "avatar": "https://cdn.bsky.app/img/avatar/plain/did:plc:vrvtizsdwdu734ry27f4mwcl/bafkreigxefblpupfiefavsjl3tuxhdrbnvhy33aobgo2hi5mo4zzn65asi@jpeg",
                "labels": [],
                "createdAt": "2024-11-28T13:43:24.243Z",
                "indexedAt": "2025-01-23T16:23:38.642Z"
            },
            "createdAt": "2025-01-29T12:26:37.269Z",
            "indexedAt": "2025-01-29T12:26:37.269Z"
        },
        {
            "actor": {
                "did": "did:plc:67u3fj2lmq724ohjd2w2c2to",
                "handle": "skydoves.bsky.social",
                "displayName": "skydoves",
                "avatar": "https://cdn.bsky.app/img/avatar/plain/did:plc:67u3fj2lmq724ohjd2w2c2to/bafkreiamuvhnhlbx77ucjy3tskjflzrmzwakwbt5scrlegamk2x4bzaq7m@jpeg",
                "labels": [],
                "createdAt": "2024-11-05T10:35:54.079Z",
                "description": "Sr. Android Developer Advocate at Stream \ud83e\udd51\n\nGoogle Developer Expert for Android and Kotlin. Open Source-Software Engineer.\n\nGitHub: github.com/skydoves/\nDove Letter: github.com/doveletter",
                "indexedAt": "2024-11-15T06:18:02.237Z"
            },
            "createdAt": "2025-01-29T12:26:37.263Z",
            "indexedAt": "2025-01-29T12:26:37.263Z"
        },
        {
            "actor": {
                "did": "did:plc:ol2o4mqi32cujpb2dlhz6t2k",
                "handle": "midmortem.bsky.social",
                "displayName": "midmortem \ud83d\udd1c GDC",
                "avatar": "https://cdn.bsky.app/img/avatar/plain/did:plc:ol2o4mqi32cujpb2dlhz6t2k/bafkreihdpxx7z3bwtuild2fyk4x6vlgx3oghdbmkwy4lg64vsy6xtvfvpy@jpeg",
                "labels": [],
                "createdAt": "2023-10-06T02:23:55.840Z",
                "description": "gamedev, nonbinary bean, illustrator, musician, co-founder of @mooncandygames.bsky.social & @radmagpie (not on bsky) https://www.artstation.com/megan_mcavoy",
                "indexedAt": "2025-01-29T02:04:19.144Z"
            },
            "createdAt": "2025-01-29T12:26:36.487Z",
            "indexedAt": "2025-01-29T12:26:36.487Z"
        },
        {
            "actor": {
                "did": "did:plc:tbijei2mqwtzdlrcyejel4tg",
                "handle": "idontgetit24.bsky.social",
                "displayName": "",
                "avatar": "https://cdn.bsky.app/img/avatar/plain/did:plc:tbijei2mqwtzdlrcyejel4tg/bafkreib5tguwqaikfgxxquzx24qobypqwyff3bifye5uyjo25aa3v3ofs4@jpeg",
                "labels": [],
                "createdAt": "2024-11-14T14:13:47.827Z",
                "indexedAt": "2025-01-07T13:36:27.943Z"
            },
            "createdAt": "2025-01-29T12:26:35.740Z",
            "indexedAt": "2025-01-29T12:26:35.740Z"
        },
        {
            "actor": {
                "did": "did:plc:6kw7f6xwenz66zs4ofjl2xkn",
                "handle": "imateadrinker.bsky.social",
                "displayName": "ImATeaDrinker\ud83c\udfb5",
                "avatar": "https://cdn.bsky.app/img/avatar/plain/did:plc:6kw7f6xwenz66zs4ofjl2xkn/bafkreibvinlwzxfbw6n556otw3yi3ainwc4xvwlw4ltqj2unvcy7q5izl4@jpeg",
                "associated": {
                    "chat": {
                        "allowIncoming": "all"
                    }
                },
                "labels": [],
                "createdAt": "2024-10-17T15:56:07.209Z",
                "description": "Artist, Multi-Genre Musician, wannabe game dev\nI love Mario RPGs\n\nu can find my music on:\n\ud83d\udfe2 Spotify: https://open.spotify.com/artist/2t7rRqfc9pJzcSfY45I2fX\n\ud83d\udd3a YT: https://www.youtube.com/@ImATeaDrinker\n\ud83d\udfe7 NG: https://imateadrinker.newgrounds.com",
                "indexedAt": "2025-01-21T12:43:31.845Z"
            },
            "createdAt": "2025-01-29T12:26:35.188Z",
            "indexedAt": "2025-01-29T12:26:35.188Z"
        },
        {
            "actor": {
                "did": "did:plc:q6lj6zwnwbttupsmtgabtbxo",
                "handle": "bookhound.bsky.social",
                "displayName": "Maidhc",
                "avatar": "https://cdn.bsky.app/img/avatar/plain/did:plc:q6lj6zwnwbttupsmtgabtbxo/bafkreiffzidvzhva4d3b2ul2fxvlvpdkrlbds52ed5qp4f3cz24xhob4tq@jpeg",
                "labels": [],
                "createdAt": "2024-11-18T13:11:26.346Z",
                "description": "A lover of words. Dislikes bullies and self serving, gaslighting eejits. Will call out illogical posts.",
                "indexedAt": "2024-11-20T10:04:58.370Z"
            },
            "createdAt": "2025-01-29T12:26:35.162Z",
            "indexedAt": "2025-01-29T12:26:35.162Z"
        },
        {
            "actor": {
                "did": "did:plc:keua5qxdbgw254qw27khafck",
                "handle": "ljubam.bsky.social",
                "displayName": "Ljubica",
                "avatar": "https://cdn.bsky.app/img/avatar/plain/did:plc:keua5qxdbgw254qw27khafck/bafkreiaocfifkh652emwv5qb72cffuuxk72xfdgbcyjlqgvfar3krdnb7q@jpeg",
                "labels": [],
                "createdAt": "2025-01-21T11:43:47.244Z",
                "description": "https://phmuseum.com/u/ljubam",
                "indexedAt": "2025-01-29T12:29:23.343Z"
            },
            "createdAt": "2025-01-29T12:26:35.061Z",
            "indexedAt": "2025-01-29T12:26:35.061Z"
        },
        {
            "actor": {
                "did": "did:plc:wffb2z5xciseq7uic5bi3rko",
                "handle": "amina-toure.bsky.social",
                "displayName": "Amina Tour\u00e9",
                "avatar": "https://cdn.bsky.app/img/avatar/plain/did:plc:wffb2z5xciseq7uic5bi3rko/bafkreibaqk6znhcanket5j6q726aedubn76mlwdt4q7xh4bkvcgtn4xz4i@jpeg",
                "labels": [],
                "createdAt": "2024-11-11T16:45:23.887Z",
                "description": "Law graduate \u2022 LSE graduate \u2022 Researcher \u2022 Journalist covering conflicts in Sudan & the DRC \u2022 Tech & Politics \ud83e\udd8b \n\nMy research papers : https://linktr.ee/amina_rte",
                "indexedAt": "2025-01-09T10:05:47.643Z"
            },
            "createdAt": "2025-01-29T12:26:34.649Z",
            "indexedAt": "2025-01-29T12:26:34.649Z"
        },
        {
            "actor": {
                "did": "did:plc:wie5xdzf7wodv6dofr44wn52",
                "handle": "cedoucette.bsky.social",
                "displayName": "Chuck Doucette",
                "avatar": "https://cdn.bsky.app/img/avatar/plain/did:plc:wie5xdzf7wodv6dofr44wn52/bafkreih3normpa7pw53qwvredrjz563ekihlu2t2fbmr2txkwds3i7jam4@jpeg",
                "labels": [],
                "createdAt": "2024-10-29T01:07:47.109Z",
                "description": "Husband, father of two boys, software engineer, and follower of climate, politics, and entertainment (movies, television, music).",
                "indexedAt": "2024-11-22T17:22:58.155Z"
            },
            "createdAt": "2025-01-29T12:26:34.183Z",
            "indexedAt": "2025-01-29T12:26:34.183Z"
        },
        {
            "actor": {
                "did": "did:plc:ad3jvz3ugloatmzugbft2oss",
                "handle": "fynleigh.bsky.social",
                "displayName": "",
                "avatar": "https://cdn.bsky.app/img/avatar/plain/did:plc:ad3jvz3ugloatmzugbft2oss/bafkreigctqaop44ninbe5nmtsqrdk3b6jenscioggfzaz4elfxiubwpvme@jpeg",
                "labels": [],
                "createdAt": "2025-01-26T22:45:13.143Z",
                "indexedAt": "2025-01-26T22:45:13.143Z"
            },
            "createdAt": "2025-01-29T12:26:33.868Z",
            "indexedAt": "2025-01-29T12:26:33.868Z"
        },
        {
            "actor": {
                "did": "did:plc:jwvt3r5kniksuxr26p7juus7",
                "handle": "redthewolf21.bsky.social",
                "displayName": "-Red-",
                "avatar": "https://cdn.bsky.app/img/avatar/plain/did:plc:jwvt3r5kniksuxr26p7juus7/bafkreicvwi4yxkmyibhwuyhs7bs7jumyuqf2lyjf7mnxkr2yxvto3qr67i@jpeg",
                "associated": {
                    "chat": {
                        "allowIncoming": "following"
                    }
                },
                "labels": [],
                "createdAt": "2023-08-22T15:29:21.124Z",
                "description": "Hello!! 21 | Autistic | Love meeting new people\nDiscord: redthewolf2003",
                "indexedAt": "2024-11-26T05:01:29.445Z"
            },
            "createdAt": "2025-01-29T12:26:32.481Z",
            "indexedAt": "2025-01-29T12:26:32.481Z"
        },
        {
            "actor": {
                "did": "did:plc:6q4fya3qg5zsr7dhr77lrdg6",
                "handle": "ohdangxsara.bsky.social",
                "displayName": "",
                "avatar": "https://cdn.bsky.app/img/avatar/plain/did:plc:6q4fya3qg5zsr7dhr77lrdg6/bafkreiaz2mgfsgdzjf5ogcyguvvves2dozvodobpifiwz6atpn7dqdn3vq@jpeg",
                "labels": [
                    {
                        "src": "did:plc:6q4fya3qg5zsr7dhr77lrdg6",
                        "uri": "at://did:plc:6q4fya3qg5zsr7dhr77lrdg6/app.bsky.actor.profile/self",
                        "cid": "bafyreicokwu4effq6zt5wsimjotaq4skv3hpyyrt2wx77moorjqttv2szm",
                        "val": "!no-unauthenticated",
                        "cts": "2025-01-19T04:42:22.393Z"
                    }
                ],
                "createdAt": "2025-01-19T04:42:23.243Z",
                "indexedAt": "2025-01-20T17:58:50.944Z"
            },
            "createdAt": "2025-01-29T12:26:31.877Z",
            "indexedAt": "2025-01-29T12:26:31.877Z"
        },
        {
            "actor": {
                "did": "did:plc:5vf2ffzcefgzekh3hekl7ftj",
                "handle": "theparrish.bsky.social",
                "displayName": "The Parrish",
                "avatar": "https://cdn.bsky.app/img/avatar/plain/did:plc:5vf2ffzcefgzekh3hekl7ftj/bafkreidzpd7zdvbl4sumt2zsh377c5zqybk7oc6q3uazprv772adnukw64@jpeg",
                "labels": [],
                "createdAt": "2024-11-24T00:05:19.446Z",
                "description": "The Parrish, by LMPCo.\n\nLMPCo, Let My People Cope, supports the spread of dignity and respect for self and others.\n\nReclaiming Freedom.",
                "indexedAt": "2025-01-23T01:53:08.443Z"
            },
            "createdAt": "2025-01-29T12:26:31.785Z",
            "indexedAt": "2025-01-29T12:26:31.785Z"
        },
        {
            "actor": {
                "did": "did:plc:5j4bbl6pirrl4ofkhyi2vng5",
                "handle": "hudithepfupf.bsky.social",
                "displayName": "",
                "labels": [],
                "createdAt": "2024-03-08T10:43:50.564Z",
                "indexedAt": "2024-03-08T10:43:52.783Z"
            },
            "createdAt": "2025-01-29T12:26:31.305Z",
            "indexedAt": "2025-01-29T12:26:31.305Z"
        },
        {
            "actor": {
                "did": "did:plc:p67iuomwkzal4vf5eypzaye6",
                "handle": "maggiereeves1.bsky.social",
                "displayName": "Maggie Reeves",
                "avatar": "https://cdn.bsky.app/img/avatar/plain/did:plc:p67iuomwkzal4vf5eypzaye6/bafkreig3odtq5pmfr5debhxkjhaagj7xirax7re7bjhbr7jljnxdc7oodi@jpeg",
                "associated": {
                    "chat": {
                        "allowIncoming": "following"
                    }
                },
                "labels": [],
                "createdAt": "2023-09-21T19:44:05.772Z",
                "description": "K-12 ed lead at Urban Institute. Georgia Policy Labs founding senior director. RPPs, integrated data, veggie grower, and mama, too.",
                "indexedAt": "2024-12-11T20:35:56.641Z"
            },
            "createdAt": "2025-01-29T12:26:31.276Z",
            "indexedAt": "2025-01-29T12:26:31.276Z"
        },
        {
            "actor": {
                "did": "did:plc:jofg475ln2dlk5wggfdsujka",
                "handle": "soangry.bsky.social",
                "displayName": "Erin",
                "avatar": "https://cdn.bsky.app/img/avatar/plain/did:plc:jofg475ln2dlk5wggfdsujka/bafkreiflc2jlflfgcnk7mdbax5bgex6asaa2kuflujt4s3xaa5n73fr5ci@jpeg",
                "labels": [],
                "createdAt": "2024-11-10T15:02:35.387Z",
                "description": "\ud83d\udc99. OG Swiftie. Cat Lady. \ud83d\udc0d\ud83d\udda4\ud83d\udc08",
                "indexedAt": "2024-11-15T13:13:15.533Z"
            },
            "createdAt": "2025-01-29T12:26:31.115Z",
            "indexedAt": "2025-01-29T12:26:31.115Z"
        },
        {
            "actor": {
                "did": "did:plc:q2bk7ywa2ui6qc233yp6zfcj",
                "handle": "redroverranger.bsky.social",
                "displayName": "Red Rover Ranger",
                "avatar": "https://cdn.bsky.app/img/avatar/plain/did:plc:q2bk7ywa2ui6qc233yp6zfcj/bafkreicvkvqg63lhjk5rokc2cldlvi7ds65lcj6cf64c7d5rax5tu5ohiu@jpeg",
                "labels": [],
                "createdAt": "2024-11-20T13:29:19.869Z",
                "description": "Resistance & Rage\n#RATM #SOAD \"If ignorance is bliss, then knock the smile off my face.\" ZDLR",
                "indexedAt": "2024-11-21T02:50:13.270Z"
            },
            "createdAt": "2025-01-29T12:26:30.881Z",
            "indexedAt": "2025-01-29T12:26:30.881Z"
        },
        {
            "actor": {
                "did": "did:plc:psj7lnyymdfk6lfj4orix5zn",
                "handle": "treefiddy765.bsky.social",
                "displayName": "",
                "avatar": "https://cdn.bsky.app/img/avatar/plain/did:plc:psj7lnyymdfk6lfj4orix5zn/bafkreia2ehj2hiykmblqyktp6w7vgipvzep7kclo7ozpztcrzgjxbd3dnm@jpeg",
                "labels": [],
                "createdAt": "2025-01-25T01:25:57.643Z",
                "indexedAt": "2025-01-25T01:25:57.643Z"
            },
            "createdAt": "2025-01-29T12:26:30.719Z",
            "indexedAt": "2025-01-29T12:26:30.719Z"
        },
        {
            "actor": {
                "did": "did:plc:3obzwjhljqwrbtbmdinrq4k4",
                "handle": "mergilheu.bsky.social",
                "displayName": "Guilherme Rodrigues",
                "avatar": "https://cdn.bsky.app/img/avatar/plain/did:plc:3obzwjhljqwrbtbmdinrq4k4/bafkreiazvkpysr27g6gakk5nnjr3kxbqugq5vzbohhgzafgmrvzindv7i4@jpeg",
                "associated": {
                    "chat": {
                        "allowIncoming": "following"
                    }
                },
                "labels": [],
                "createdAt": "2023-07-31T01:01:54.517Z",
                "description": "Cr\u00edtico liter\u00e1rio\n\u201cOs verdadeiros para\u00edsos s\u00e3o os para\u00edsos que perdemos\u201d",
                "indexedAt": "2025-01-11T17:07:41.544Z"
            },
            "createdAt": "2025-01-29T12:26:30.631Z",
            "indexedAt": "2025-01-29T12:26:30.631Z"
        },
        {
            "actor": {
                "did": "did:plc:yhu5cln45hgdqtsavsigdkzk",
                "handle": "yazzyyzzay.bsky.social",
                "displayName": "Yazzy \ud83e\udd9d",
                "avatar": "https://cdn.bsky.app/img/avatar/plain/did:plc:yhu5cln45hgdqtsavsigdkzk/bafkreicaydobsr4yfuvebt7ryyxhqnqs6m4bllfikwhiipempcqsdw5adm@jpeg",
                "associated": {
                    "chat": {
                        "allowIncoming": "following"
                    }
                },
                "labels": [],
                "createdAt": "2024-08-31T04:36:43.399Z",
                "description": "Designer (Uvv)\nMG-ES\n19y\nQUALQUER pronome\nPansexexual/assexual(??)...\n\u26ab\u26aa\ud83d\udfe3\n\u2661\u2661\u2661\u2661\u2661\u2661\u2661\u2661\u2661\u2661\u2661\u2661",
                "indexedAt": "2025-01-21T02:01:18.945Z"
            },
            "createdAt": "2025-01-29T12:26:30.259Z",
            "indexedAt": "2025-01-29T12:26:30.259Z"
        },
        {
            "actor": {
                "did": "did:plc:sukax5jzzfvdr7lweg24fsln",
                "handle": "briabres.bsky.social",
                "displayName": "",
                "avatar": "https://cdn.bsky.app/img/avatar/plain/did:plc:sukax5jzzfvdr7lweg24fsln/bafkreiby5hccm2it6hkiif77hst754f3hj4v2khvvfrecg6oemulht6mk4@jpeg",
                "labels": [],
                "createdAt": "2024-11-16T15:13:08.694Z",
                "description": "Once was a conservative Democrat, now a full on libtard, MAGA made me. Peddlers of bitcoin, porn, only fans, etc. are instablocked",
                "indexedAt": "2025-01-18T13:35:27.446Z"
            },
            "createdAt": "2025-01-29T12:26:29.688Z",
            "indexedAt": "2025-01-29T12:26:29.688Z"
        },
        {
            "actor": {
                "did": "did:plc:ndrrcz6cwvv6djddb47bjuj4",
                "handle": "colleenchesebro.bsky.social",
                "displayName": "Colleen M. Chesebro",
                "avatar": "https://cdn.bsky.app/img/avatar/plain/did:plc:ndrrcz6cwvv6djddb47bjuj4/bafkreicfohgd62onlmwnxfisep2lulzdoiqc5m5tpyzbcrqyytaujkew5m@jpeg",
                "labels": [],
                "createdAt": "2024-11-12T23:28:00.910Z",
                "description": "Michigan author, poet, & lover of cozy mysteries & fantasy. I love syllabic poetry, reading, & drinking tea. Visit www.colleenchesebro.org to join my newsletter. Find out more about the yearly Sunflower Tanka Anthology at www.tankatuesday.com.",
                "indexedAt": "2025-01-24T19:17:51.444Z"
            },
            "createdAt": "2025-01-29T12:26:29.541Z",
            "indexedAt": "2025-01-29T12:26:29.541Z"
        },
        {
            "actor": {
                "did": "did:plc:audqyekoqrp75skkly6p3d62",
                "handle": "kaelthassunstrider.bsky.social",
                "displayName": "Kael'thas Sunstrider",
                "avatar": "https://cdn.bsky.app/img/avatar/plain/did:plc:audqyekoqrp75skkly6p3d62/bafkreibfz55jj5lx74ui5sbuzebq7ujrj3leb3ky2jdarg3d345mbhcglm@jpeg",
                "labels": [],
                "createdAt": "2024-12-22T15:17:22.844Z",
                "description": "The afterlife is boring, luckily someone gave me a phone.\n\n\nThis A Parody Account Not Affiliated With Blizzard.",
                "indexedAt": "2024-12-23T01:45:01.444Z"
            },
            "createdAt": "2025-01-29T12:26:29.218Z",
            "indexedAt": "2025-01-29T12:26:29.218Z"
        },
        {
            "actor": {
                "did": "did:plc:n463gd2lhn5ql7xdavyr5p3x",
                "handle": "vmkb.bsky.social",
                "displayName": "Virginia Beaton",
                "avatar": "https://cdn.bsky.app/img/avatar/plain/did:plc:n463gd2lhn5ql7xdavyr5p3x/bafkreicahtu4vnbqtl45kjmtss6jnzfar3yneokhova4g6hl7gzbzxfa7y@jpeg",
                "labels": [],
                "createdAt": "2024-11-10T14:01:10.688Z",
                "description": "Editor, journalist, mom, veuve, granny. Fervently Canadian. ",
                "indexedAt": "2024-12-01T14:36:25.946Z"
            },
            "createdAt": "2025-01-29T12:26:28.484Z",
            "indexedAt": "2025-01-29T12:26:28.484Z"
        },
        {
            "actor": {
                "did": "did:plc:3y7lh5t363co7g4y3szihggv",
                "handle": "bernadettec.bsky.social",
                "displayName": "Natalie Chutkan",
                "avatar": "https://cdn.bsky.app/img/avatar/plain/did:plc:3y7lh5t363co7g4y3szihggv/bafkreihxcxf3nat6ol3cu5qqlyirns2dpozyefbeno7ekp5vvwconalz5a@jpeg",
                "associated": {
                    "chat": {
                        "allowIncoming": "none"
                    }
                },
                "labels": [],
                "createdAt": "2023-11-10T04:15:54.009Z",
                "description": "Blue voter & encourage others to vote blue for democracy, reading is relaxing, plant lover especially orchids) \ud83c\udf31, gun control instead of thoughts & prayers, supporter of the \ud83c\udff3\ufe0f\u200d\ud83c\udf08 community. Screw Elon and his nazi site. Absolutely no maga deplorables \ud83d\udeabdm",
                "indexedAt": "2025-01-23T17:37:26.943Z"
            },
            "createdAt": "2025-01-29T12:26:28.091Z",
            "indexedAt": "2025-01-29T12:26:28.091Z"
        },
        {
            "actor": {
                "did": "did:plc:zwxj2h4uyms7s5ubpp2vdt2m",
                "handle": "csmtock.bsky.social",
                "displayName": "Carol McClintock",
                "avatar": "https://cdn.bsky.app/img/avatar/plain/did:plc:zwxj2h4uyms7s5ubpp2vdt2m/bafkreibwso3jxdjnbhu3o66mbt45i4ivvf3ygenxadrvlzpcb2mricqqcq@jpeg",
                "labels": [],
                "createdAt": "2024-11-11T04:17:17.378Z",
                "description": "Independent, Never Trumper, Concerned about our Democracy going to the highest bidder! \nNational Parks and nature lover.. want to protect our environment for future generations!",
                "indexedAt": "2024-11-24T13:28:00.246Z"
            },
            "createdAt": "2025-01-29T12:26:28.067Z",
            "indexedAt": "2025-01-29T12:26:28.067Z"
        },
        {
            "actor": {
                "did": "did:plc:7shftce4eur5bp533gwif6on",
                "handle": "anglerfish7.bsky.social",
                "displayName": "",
                "avatar": "https://cdn.bsky.app/img/avatar/plain/did:plc:7shftce4eur5bp533gwif6on/bafkreifimc4cyftnb6vc4ucd4edzx5rlyadmvr4es3qwmlwdflf5pdriru@jpeg",
                "labels": [],
                "createdAt": "2024-12-05T02:35:43.045Z",
                "indexedAt": "2024-12-05T02:35:43.045Z"
            },
            "createdAt": "2025-01-29T12:26:27.939Z",
            "indexedAt": "2025-01-29T12:26:27.939Z"
        },
        {
            "actor": {
                "did": "did:plc:dryyiq753exspxfu6rpxw2iw",
                "handle": "nerdygothgf.bsky.social",
                "displayName": "Luna Verd\u00e9",
                "avatar": "https://cdn.bsky.app/img/avatar/plain/did:plc:dryyiq753exspxfu6rpxw2iw/bafkreigwldrb2mdnx22dwq6zff7ikc54wppenytgqc5tetbvcxwf24mshy@jpeg",
                "labels": [],
                "createdAt": "2024-11-14T04:01:59.277Z",
                "description": "\u2728the blue haired liberal lunatic your cult leader warned you about\u2728 #DivorceMAGA",
                "indexedAt": "2025-01-18T21:54:05.543Z"
            },
            "createdAt": "2025-01-29T12:26:27.318Z",
            "indexedAt": "2025-01-29T12:26:27.318Z"
        },
        {
            "actor": {
                "did": "did:plc:3ythl6uficgnpxhmkrlzv5pt",
                "handle": "kcnewhaven.bsky.social",
                "displayName": "KCNEWHAVEN",
                "avatar": "https://cdn.bsky.app/img/avatar/plain/did:plc:3ythl6uficgnpxhmkrlzv5pt/bafkreif32lswgoxv7eaqvj7dx5vz6ahpjwhtbrpky23tk3zkfhxbcnh3ka@jpeg",
                "labels": [],
                "createdAt": "2024-11-30T01:45:07.546Z",
                "description": "semper eadem",
                "indexedAt": "2025-01-29T12:44:06.946Z"
            },
            "createdAt": "2025-01-29T12:26:26.892Z",
            "indexedAt": "2025-01-29T12:26:26.892Z"
        },
        {
            "actor": {
                "did": "did:plc:morlmmvmg2wfk43ih425pb2i",
                "handle": "mikeysworld.bsky.social",
                "displayName": "Mike Grasse",
                "avatar": "https://cdn.bsky.app/img/avatar/plain/did:plc:morlmmvmg2wfk43ih425pb2i/bafkreifuonaksz2hta34bzppgzvw4no2wyeqnoavjo37lufgibeenvlsl4@jpeg",
                "associated": {
                    "chat": {
                        "allowIncoming": "none"
                    }
                },
                "labels": [],
                "createdAt": "2024-11-16T14:41:07.577Z",
                "description": "Progressive born in U.P. Michigan, Wisconsin roots, now living in Texas. US Army Vietnam veteran. History lover; I have no patience for the red hat people. Equality for all. I post & repost articles of interest to Progressives. NO DIRECT MESSAGES.",
                "indexedAt": "2025-01-21T18:12:11.644Z"
            },
            "createdAt": "2025-01-29T12:26:26.730Z",
            "indexedAt": "2025-01-29T12:26:26.730Z"
        },
        {
            "actor": {
                "did": "did:plc:rklpgdti6lf2yp4pkbbexlaw",
                "handle": "mollysmum20.bsky.social",
                "displayName": "Lisa",
                "avatar": "https://cdn.bsky.app/img/avatar/plain/did:plc:rklpgdti6lf2yp4pkbbexlaw/bafkreih63nesm2jntnnadbjspagn3sgoshcaoqcxrnuzan3pz2h4zexrci@jpeg",
                "labels": [],
                "createdAt": "2024-11-16T15:19:27.870Z",
                "description": " \ud83c\udde8\ud83c\udde6 wife, mum of children & animals, small business owner.   I'm terrified for the next 4 years.",
                "indexedAt": "2024-11-16T15:47:14.595Z"
            },
            "createdAt": "2025-01-29T12:26:26.718Z",
            "indexedAt": "2025-01-29T12:26:26.718Z"
        },
        {
            "actor": {
                "did": "did:plc:g5ecy72otyo3dfwfno7qsbov",
                "handle": "linzlilbylil.bsky.social",
                "displayName": "Lindsay \ud83e\udee3\ud83e\udd37\ud83c\udffb\u200d\u2640\ufe0f\ud83e\udd23",
                "avatar": "https://cdn.bsky.app/img/avatar/plain/did:plc:g5ecy72otyo3dfwfno7qsbov/bafkreiaaxwnhxpa44fktfnbrehqfe5svk5tmeloeerurfaewnykke4sivm@jpeg",
                "labels": [],
                "createdAt": "2024-11-13T21:08:46.374Z",
                "description": "Perpetual student. Current doctoral candidate. Reader. Writer. ADHD-brained. Educator. Passionate about people. Wife. Mother. \u2764\ufe0f",
                "indexedAt": "2024-12-31T02:09:40.643Z"
            },
            "createdAt": "2025-01-29T12:26:26.509Z",
            "indexedAt": "2025-01-29T12:26:26.509Z"
        },
        {
            "actor": {
                "did": "did:plc:gteypsyze2f5rl2573cml5se",
                "handle": "moononherwings.itch.io",
                "displayName": "fable \ud83c\udf37",
                "avatar": "https://cdn.bsky.app/img/avatar/plain/did:plc:gteypsyze2f5rl2573cml5se/bafkreigkv3l4mxg6fickmygzuekbgdfionkrivjt6zfykkakuzpfbucupa@jpeg",
                "associated": {
                    "chat": {
                        "allowIncoming": "following"
                    }
                },
                "labels": [
                    {
                        "src": "did:plc:gteypsyze2f5rl2573cml5se",
                        "uri": "at://did:plc:gteypsyze2f5rl2573cml5se/app.bsky.actor.profile/self",
                        "cid": "bafyreibdoxhuol7f5yabtxuasjuholsqqdbzwiinqclnv73ie3rync76ou",
                        "val": "!no-unauthenticated",
                        "cts": "1970-01-01T00:00:00.000Z"
                    }
                ],
                "createdAt": "2023-08-08T23:38:09.545Z",
                "description": "ask me about my cats \ud83d\udc08\u200d\u2b1b\ud83d\udc08\u200d\u2b1b\nXXV \u2022 autistic \u2022 she/they\nauthor \u00bb artist \u00bb game writer\nitch: https://moononherwings.itch.io\nlinks: https://herquietestwords.carrd.co/",
                "indexedAt": "2024-12-16T10:10:31.543Z"
            },
            "createdAt": "2025-01-29T12:26:27.902Z",
            "indexedAt": "2025-01-29T12:26:26.251Z"
        },
        {
            "actor": {
                "did": "did:plc:sytinvfops2trvto4h3fsytm",
                "handle": "sig-mund.bsky.social",
                "displayName": "",
                "avatar": "https://cdn.bsky.app/img/avatar/plain/did:plc:sytinvfops2trvto4h3fsytm/bafkreickm2z3isdht5v5attebcfyxuus6sdmhebix5gvv7t6filbdfvcr4@jpeg",
                "labels": [],
                "createdAt": "2024-11-13T22:45:32.875Z",
                "indexedAt": "2024-11-13T22:45:32.875Z"
            },
            "createdAt": "2025-01-29T12:26:26.143Z",
            "indexedAt": "2025-01-29T12:26:26.143Z"
        },
        {
            "actor": {
                "did": "did:plc:whqzyaekhxxbkzkcmbwfgnwk",
                "handle": "filmfanryan.bsky.social",
                "displayName": "Ryan \ud83d\udc99",
                "avatar": "https://cdn.bsky.app/img/avatar/plain/did:plc:whqzyaekhxxbkzkcmbwfgnwk/bafkreibmekix66v7rz2sqgc7cydavid2cjdkyotgihzz6xh4olugigsxpi@jpeg",
                "associated": {
                    "chat": {
                        "allowIncoming": "all"
                    }
                },
                "labels": [],
                "createdAt": "2024-10-09T17:07:52.807Z",
                "description": "Just a nerdy dude with a soft spot for big goofy lovable characters. \n\nFollow me on Letterboxd \ud83d\udcfa\ud83d\udc47\nhttps://boxd.it/ip6l",
                "indexedAt": "2024-12-16T14:13:42.643Z"
            },
            "createdAt": "2025-01-29T12:26:25.719Z",
            "indexedAt": "2025-01-29T12:26:25.719Z"
        },
        {
            "actor": {
                "did": "did:plc:gceo7nzmo5nv42ovw7spe6xm",
                "handle": "kcmonnin.bsky.social",
                "displayName": "",
                "avatar": "https://cdn.bsky.app/img/avatar/plain/did:plc:gceo7nzmo5nv42ovw7spe6xm/bafkreifnysbh7buoinvwlyunkzl23azqjcpbbmrguev7tfdeu7gv5bjtae@jpeg",
                "labels": [],
                "createdAt": "2024-12-19T22:43:24.143Z",
                "indexedAt": "2024-12-19T22:43:24.143Z"
            },
            "createdAt": "2025-01-29T12:26:25.697Z",
            "indexedAt": "2025-01-29T12:26:25.697Z"
        },
        {
            "actor": {
                "did": "did:plc:rxbxmgpdcy4rytsxuhmdafnm",
                "handle": "hgc123.bsky.social",
                "displayName": "H.G.C",
                "associated": {
                    "chat": {
                        "allowIncoming": "all"
                    }
                },
                "labels": [],
                "createdAt": "2024-04-06T23:37:53.049Z",
                "description": "Joy is our birthright \n\nThreads - https://www.threads.net/@hgc_._\n\nInsta - https://www.instagram.com/hgc_._\n\nStories- https://www.instagram.com/stories/hgc_._/3340226295659340509?igsh=b2NtdnJja2E3MDg5",
                "indexedAt": "2025-01-11T10:17:15.244Z"
            },
            "createdAt": "2025-01-29T12:26:25.288Z",
            "indexedAt": "2025-01-29T12:26:25.288Z"
        },
        {
            "actor": {
                "did": "did:plc:xjtxeliwjab7q2m2w6zsfipq",
                "handle": "yuakrasu.bsky.social",
                "displayName": "Yua \ud83c\udf61",
                "avatar": "https://cdn.bsky.app/img/avatar/plain/did:plc:xjtxeliwjab7q2m2w6zsfipq/bafkreic5r3gq7uzikpjvf6p3mvnnjgszsqunns46is7seiyv5of4vrtive@jpeg",
                "labels": [],
                "createdAt": "2024-10-18T08:28:25.505Z",
                "description": "27 / \ud83c\uddf5\ud83c\udded\nCommissions: OPEN \ud83c\udfa8",
                "indexedAt": "2025-01-29T12:27:38.442Z"
            },
            "createdAt": "2025-01-29T12:26:25.031Z",
            "indexedAt": "2025-01-29T12:26:25.031Z"
        },
        {
            "actor": {
                "did": "did:plc:icpa5bbp6wxtt6aahs4w2ltn",
                "handle": "arddingo.bsky.social",
                "displayName": "",
                "avatar": "https://cdn.bsky.app/img/avatar/plain/did:plc:icpa5bbp6wxtt6aahs4w2ltn/bafkreicdyhxojbdajlcslbhsdyfdfiorq7uvyywt3h6bhqtdltqrsudi3m@jpeg",
                "labels": [],
                "createdAt": "2025-01-26T20:33:55.144Z",
                "description": "(Went from Twitter to BlueSky)\nCirno plush acquired\nInstagram/Pixiv/Tiktok/Reddit user\nDiscord ID: arddingo\nSometimes stream on twitch: http://twitch.tv/arddingo",
                "indexedAt": "2025-01-26T20:34:56.843Z"
            },
            "createdAt": "2025-01-29T12:26:24.924Z",
            "indexedAt": "2025-01-29T12:26:24.924Z"
        },
        {
            "actor": {
                "did": "did:plc:qcyssderkkyiqbg3utwph255",
                "handle": "hail-cheetolini.bsky.social",
                "displayName": "The Mandarin Mussolini",
                "avatar": "https://cdn.bsky.app/img/avatar/plain/did:plc:qcyssderkkyiqbg3utwph255/bafkreibgn37lulbdtxc35kwdbilb4h5wdt47z5xslghtoxq6533hqmltbq@jpeg",
                "labels": [],
                "createdAt": "2025-01-17T16:30:11.644Z",
                "description": "Satirical shitposter",
                "indexedAt": "2025-01-17T21:26:01.943Z"
            },
            "createdAt": "2025-01-29T12:26:24.580Z",
            "indexedAt": "2025-01-29T12:26:24.580Z"
        },
        {
            "actor": {
                "did": "did:plc:he66jpkaijwa27yqxm7pbbt6",
                "handle": "craigdodge.org",
                "displayName": "Craig in Cambodia",
                "avatar": "https://cdn.bsky.app/img/avatar/plain/did:plc:he66jpkaijwa27yqxm7pbbt6/bafkreidutayiiz6irc5ydykz66k4h7tpqv7jrebqefpk2kwqazms3vumyq@jpeg",
                "associated": {
                    "chat": {
                        "allowIncoming": "following"
                    }
                },
                "labels": [
                    {
                        "src": "did:plc:he66jpkaijwa27yqxm7pbbt6",
                        "uri": "at://did:plc:he66jpkaijwa27yqxm7pbbt6/app.bsky.actor.profile/self",
                        "cid": "bafyreif6u2ehi5hbqh3gjvtqzf466wz6xl4v23hxe5cwm45tppouegxtwm",
                        "val": "!no-unauthenticated",
                        "cts": "2024-11-18T07:38:52.556Z"
                    }
                ],
                "createdAt": "2024-11-18T07:38:46.845Z",
                "description": "Retired tourism sales & marketing specialist. Former travel agent and airline employee. Ask me about #SiemReap, #Cambodia. Avid cyclist, novel reader, doggy daddy. I believe in sustainability, community and the Golden Rule. \ud83c\udf08",
                "indexedAt": "2025-01-04T22:31:56.543Z"
            },
            "createdAt": "2025-01-29T12:26:25.326Z",
            "indexedAt": "2025-01-29T12:26:24.557Z"
        },
        {
            "actor": {
                "did": "did:plc:xji3qg4xzlxjws3jdfmbzxw6",
                "handle": "holdsquat.online",
                "displayName": "holdsquat",
                "avatar": "https://cdn.bsky.app/img/avatar/plain/did:plc:xji3qg4xzlxjws3jdfmbzxw6/bafkreifboj3pdqdpalhl55puntxz5gjrsk6qx73acakma2aj4l6ekqvowy@jpeg",
                "labels": [],
                "createdAt": "2023-08-12T16:36:34.539Z",
                "description": "nerd dad just wasting some time",
                "indexedAt": "2025-01-24T01:21:44.143Z"
            },
            "createdAt": "2025-01-29T12:26:26.835Z",
            "indexedAt": "2025-01-29T12:26:24.256Z"
        },
        {
            "actor": {
                "did": "did:plc:wg6ibiaz4i2obpeo7bzk2hj7",
                "handle": "michelled71717.bsky.social",
                "displayName": "",
                "avatar": "https://cdn.bsky.app/img/avatar/plain/did:plc:wg6ibiaz4i2obpeo7bzk2hj7/bafkreig5mnzdihqq3urnszsabo3366743d5x253ukrf7njsrkpjkjrm63e@jpeg",
                "labels": [],
                "createdAt": "2024-11-14T14:07:13.324Z",
                "description": "ACAB, FUCK DONALD TRUMP, BLACK LIVES MATTER, EAT THE RICH, PUNCH NAZIS, LGBTQIA, SOCIALIST FEMINIST. Love to garden, read books, cook, pet my kitties, volunteer and rage against the machine.",
                "indexedAt": "2025-01-21T12:41:24.944Z"
            },
            "createdAt": "2025-01-29T12:26:24.081Z",
            "indexedAt": "2025-01-29T12:26:24.081Z"
        },
        {
            "actor": {
                "did": "did:plc:2xmset65jkmuxi4llye4viqx",
                "handle": "farmgal69.bsky.social",
                "displayName": "",
                "avatar": "https://cdn.bsky.app/img/avatar/plain/did:plc:2xmset65jkmuxi4llye4viqx/bafkreifmfojhbc7j3d3xo2oc5hxzw2tzbajcfpswxf4dywmbf4d2tmjtjq@jpeg",
                "labels": [
                    {
                        "src": "did:plc:2xmset65jkmuxi4llye4viqx",
                        "uri": "at://did:plc:2xmset65jkmuxi4llye4viqx/app.bsky.actor.profile/self",
                        "cid": "bafyreibxfhm2h72aqvaonli7fz64gimptmnuvngayxr5wlm4ibu2c5w2ii",
                        "val": "!no-unauthenticated",
                        "cts": "2024-11-16T02:55:46.013Z"
                    }
                ],
                "createdAt": "2024-11-16T02:55:47.391Z",
                "description": "Hi, and I'm so happy to be here.\nI am a \ud83c\udde8\ud83c\udde6 married farmgirl, mother, and grandmother. I live on the US/CANADIAN border and love my American friends and neighbors \ud83d\udc95",
                "indexedAt": "2024-12-20T04:01:19.442Z"
            },
            "createdAt": "2025-01-29T12:26:23.710Z",
            "indexedAt": "2025-01-29T12:26:23.710Z"
        },
        {
            "actor": {
                "did": "did:plc:xzaqy4q7y73v25j3prnlchxg",
                "handle": "arnenielsendk.bsky.social",
                "displayName": "Arne Nielsen A/S",
                "avatar": "https://cdn.bsky.app/img/avatar/plain/did:plc:xzaqy4q7y73v25j3prnlchxg/bafkreib7vqzvi4wah2u2as2suupmi6lximmt6oy4iid6yffldynbyuhrnu@jpeg",
                "labels": [],
                "createdAt": "2024-11-13T11:47:23.891Z",
                "description": "\ud83d\udca6 HVO+biogas br\u00e6ndere, varmepumper, fan coils, reservedele for bolig-, industri- og landbrugsvarme. Leverand\u00f8r til marine.\n\u2122\ufe0f Brands: Oilon, Oventrop, Steinen, Suntec, Danfoss, Grundfos, Riello, Siemens, Inpro, Black Mamba, ThermoGroup, Zealux, Inverboost",
                "indexedAt": "2024-11-27T14:37:11.744Z"
            },
            "createdAt": "2025-01-29T12:26:23.525Z",
            "indexedAt": "2025-01-29T12:26:23.525Z"
        },
        {
            "actor": {
                "did": "did:plc:huwfsd2v6nfblzganag5wvpq",
                "handle": "infamousdword.bsky.social",
                "displayName": "Secret Socialist",
                "avatar": "https://cdn.bsky.app/img/avatar/plain/did:plc:huwfsd2v6nfblzganag5wvpq/bafkreihussffdmihg6vnqdjgnzxy4zow5huoazyknrdroqsqc4lmqro2ta@jpeg",
                "labels": [],
                "createdAt": "2023-11-30T01:34:51.147Z",
                "description": "Just somebody who thinks that everyone deserves to be happy and that human suffering is bad, I\u2019m done playing the nice guy so if you disagree please block because I\u2019ll end up blocking you anyways \ud83c\uddf5\ud83c\uddf8\ud83c\udff3\ufe0f\u200d\ud83c\udf08\ud83c\udff3\ufe0f\u200d\u26a7\ufe0f",
                "indexedAt": "2024-11-21T19:52:56.771Z"
            },
            "createdAt": "2025-01-29T12:26:23.438Z",
            "indexedAt": "2025-01-29T12:26:23.438Z"
        },
        {
            "actor": {
                "did": "did:plc:ar3mpftly4c6tmdjkqdpbcv5",
                "handle": "tabithayclark.bsky.social",
                "displayName": "",
                "avatar": "https://cdn.bsky.app/img/avatar/plain/did:plc:ar3mpftly4c6tmdjkqdpbcv5/bafkreicpiqyyikwetsmm24inc3szev4otw6aqukyln4eklaf6y3cierhg4@jpeg",
                "labels": [],
                "createdAt": "2024-11-17T02:13:16.228Z",
                "indexedAt": "2024-11-17T02:13:16.228Z"
            },
            "createdAt": "2025-01-29T12:26:23.325Z",
            "indexedAt": "2025-01-29T12:26:23.325Z"
        },
        {
            "actor": {
                "did": "did:plc:h32ctviaxagshok5hejnzwl5",
                "handle": "ksmithphotography.bsky.social",
                "displayName": "Kristen Smith",
                "avatar": "https://cdn.bsky.app/img/avatar/plain/did:plc:h32ctviaxagshok5hejnzwl5/bafkreic7gmcxycu36xvpssumepkijebofpjwff45ljihchcivfc6tu55vi@jpeg",
                "labels": [],
                "createdAt": "2024-11-25T19:43:15.344Z",
                "description": "photographer . wife . momma bear . politics junkie\n\ncovid.is.airborne \ud83d\ude37\n\n\ud83d\udccdNorthern California",
                "indexedAt": "2024-12-14T14:48:53.243Z"
            },
            "createdAt": "2025-01-29T12:26:23.161Z",
            "indexedAt": "2025-01-29T12:26:23.161Z"
        },
        {
            "actor": {
                "did": "did:plc:5dckzd2zypeavb6n2dya3wff",
                "handle": "erick-adub.bsky.social",
                "displayName": "",
                "avatar": "https://cdn.bsky.app/img/avatar/plain/did:plc:5dckzd2zypeavb6n2dya3wff/bafkreidvuezh3tyckcqkqmcabmgunmnmaawoshofblpx7jryduvxld5nym@jpeg",
                "associated": {
                    "chat": {
                        "allowIncoming": "following"
                    }
                },
                "labels": [],
                "createdAt": "2023-10-18T17:40:44.423Z",
                "description": "Gamer, art lover, and just a fun loving yahoo online. Welcome all!\n\n(Except \ud83e\udd16bots, A.I., and \ud83d\ude08trolls. F*** off.)",
                "indexedAt": "2025-01-06T22:25:42.542Z"
            },
            "createdAt": "2025-01-29T12:26:22.337Z",
            "indexedAt": "2025-01-29T12:26:22.337Z"
        },
        {
            "actor": {
                "did": "did:plc:is3dbc4cxaz6qhwookdn2l54",
                "handle": "erinfrances.bsky.social",
                "displayName": "erin",
                "avatar": "https://cdn.bsky.app/img/avatar/plain/did:plc:is3dbc4cxaz6qhwookdn2l54/bafkreidvsgan57xwwebnw3ra7owq5bkwe3jwpjc5mtod2m23cb5xbpvque@jpeg",
                "associated": {
                    "chat": {
                        "allowIncoming": "all"
                    }
                },
                "labels": [],
                "createdAt": "2024-11-14T15:43:59.431Z",
                "description": "\u2728tx based wedding & portrait photographer \u2728\n\u264b\ufe0f\ud83d\udda4\ud83d\udcda\ud83d\udcaa\ud83c\udffb\u2708\ufe0f\ud83d\udc36\ud83d\udcf8\ud83d\udc95",
                "indexedAt": "2025-01-25T18:08:52.544Z"
            },
            "createdAt": "2025-01-29T12:26:21.646Z",
            "indexedAt": "2025-01-29T12:26:21.646Z"
        },
        {
            "actor": {
                "did": "did:plc:p3wzzsuva27a3rbdzgmvvr4v",
                "handle": "divinedeedz.bsky.social",
                "displayName": "Divine Intervention \u2728",
                "avatar": "https://cdn.bsky.app/img/avatar/plain/did:plc:p3wzzsuva27a3rbdzgmvvr4v/bafkreifpqbhnuqx3q545zkfsi32urrvnzl2dw6n64qddpb7agims26gdse@jpeg",
                "associated": {
                    "chat": {
                        "allowIncoming": "following"
                    }
                },
                "labels": [],
                "createdAt": "2024-11-13T22:34:09.078Z",
                "description": "Island gyal \ud83c\udf34 \ud83c\udde8\ud83c\uddfc \ud83e\udddc\ud83c\udffe\u200d\u2640\ufe0f\nVery geeky & deeply nerdy \ud83d\udc9c\n\u270a\ud83c\udffe\ud83c\udf49\n\ud83d\udccd The Hague",
                "indexedAt": "2024-11-19T09:20:48.506Z"
            },
            "createdAt": "2025-01-29T12:26:20.270Z",
            "indexedAt": "2025-01-29T12:26:20.270Z"
        },
        {
            "actor": {
                "did": "did:plc:gh5bp45znglvy3igfddp5hkt",
                "handle": "kobojsare.bsky.social",
                "displayName": "Calleh",
                "avatar": "https://cdn.bsky.app/img/avatar/plain/did:plc:gh5bp45znglvy3igfddp5hkt/bafkreigr6bztwgzpg72d75m3ja2r2ydx7azfwkvylgmjqibhhjevx5ojfy@jpeg",
                "labels": [],
                "createdAt": "2024-11-14T08:24:00.576Z",
                "indexedAt": "2024-12-06T05:44:50.645Z"
            },
            "createdAt": "2025-01-29T12:26:21.773Z",
            "indexedAt": "2025-01-29T12:26:20.250Z"
        },
        {
            "actor": {
                "did": "did:plc:wq5gz4x33gijcc36lximwzty",
                "handle": "aspiringnihilist.bsky.social",
                "displayName": "Real Close to \u201cFuck It\u201d",
                "avatar": "https://cdn.bsky.app/img/avatar/plain/did:plc:wq5gz4x33gijcc36lximwzty/bafkreidw4nnrqxt56yldcgpa76c2f5rwbenqbvp76ese3sdjdp5crorzvi@jpeg",
                "labels": [],
                "createdAt": "2024-11-20T00:36:01.270Z",
                "description": "Stuck somewhere between \u201cWhat\u2019s the point?\u201d and \u201cWhy the hell not?\u201d",
                "indexedAt": "2024-12-03T13:20:29.544Z"
            },
            "createdAt": "2025-01-29T12:26:20.160Z",
            "indexedAt": "2025-01-29T12:26:20.160Z"
        },
        {
            "actor": {
                "did": "did:plc:2qlb5aczg2iae2mhfijvhfvu",
                "handle": "chetgaines.bsky.social",
                "displayName": "chet",
                "avatar": "https://cdn.bsky.app/img/avatar/plain/did:plc:2qlb5aczg2iae2mhfijvhfvu/bafkreifolwfdgj5tpugxw3gqfth6p6qrt44bzznbtnqohoifwhpryntln4@jpeg",
                "labels": [],
                "createdAt": "2024-11-12T23:49:57.815Z",
                "description": "skateboarding, anthropology, neurodiversity, idk what else",
                "indexedAt": "2025-01-12T23:43:47.244Z"
            },
            "createdAt": "2025-01-29T12:26:21.391Z",
            "indexedAt": "2025-01-29T12:26:19.659Z"
        },
        {
            "actor": {
                "did": "did:plc:nqwljqzlchxk5b7ujjm3gytr",
                "handle": "sieteson.bsky.social",
                "displayName": "",
                "avatar": "https://cdn.bsky.app/img/avatar/plain/did:plc:nqwljqzlchxk5b7ujjm3gytr/bafkreigdlgzkrpmupb4o7hojksce2jcjabcheopbm6fo5n2znvx7aoefgq@jpeg",
                "labels": [],
                "createdAt": "2024-11-14T18:50:46.936Z",
                "indexedAt": "2024-11-14T18:50:46.936Z"
            },
            "createdAt": "2025-01-29T12:26:19.460Z",
            "indexedAt": "2025-01-29T12:26:19.460Z"
        },
        {
            "actor": {
                "did": "did:plc:izzqehxir2ba7j53fhhhboot",
                "handle": "eyehaiku.bsky.social",
                "displayName": "",
                "avatar": "https://cdn.bsky.app/img/avatar/plain/did:plc:izzqehxir2ba7j53fhhhboot/bafkreiexkky5ro6z4o7woptt4hrui553rf5gkpl7uc7npoqy4d4im2wuyy@jpeg",
                "labels": [],
                "createdAt": "2024-11-22T12:12:48.953Z",
                "indexedAt": "2024-11-22T12:12:48.953Z"
            },
            "createdAt": "2025-01-29T12:26:17.887Z",
            "indexedAt": "2025-01-29T12:26:17.887Z"
        },
        {
            "actor": {
                "did": "did:plc:oltixcghdozzrxugrlgriu4m",
                "handle": "no1justno1.bsky.social",
                "displayName": "",
                "avatar": "https://cdn.bsky.app/img/avatar/plain/did:plc:oltixcghdozzrxugrlgriu4m/bafkreifwoaa72a5j7tlbqkdzxz7yzld3qsu7rtxa3x76jxd5id3db4lfi4@jpeg",
                "labels": [],
                "createdAt": "2024-11-26T16:24:54.444Z",
                "indexedAt": "2024-11-26T16:24:54.444Z"
            },
            "createdAt": "2025-01-29T12:26:17.827Z",
            "indexedAt": "2025-01-29T12:26:17.827Z"
        },
        {
            "actor": {
                "did": "did:plc:y7rqpwhuoezjlopjdtcjjubu",
                "handle": "shortandstout1.bsky.social",
                "displayName": "\ud83e\udde1Abby \ud83c\udf08",
                "avatar": "https://cdn.bsky.app/img/avatar/plain/did:plc:y7rqpwhuoezjlopjdtcjjubu/bafkreiboe7oy3s2h4ep7yxd675o2spzcehqa3iv2bev4nn5fivsicbz7lm@jpeg",
                "associated": {
                    "chat": {
                        "allowIncoming": "all"
                    }
                },
                "labels": [],
                "createdAt": "2024-11-18T21:28:41.747Z",
                "description": "35 She/her \nQueer AF \nAll love is valid and vital \nChaos\nEat the Rich\nReconstructing/deconstructing\nGrowing up is the worst\nSwiftie \n\ud83c\udf43\ud83c\udf43\n\nIs it romantic how all my elegies eulogize me?\nI'm not cut out for all these cynical clones",
                "indexedAt": "2025-01-26T15:14:21.444Z"
            },
            "createdAt": "2025-01-29T12:26:17.818Z",
            "indexedAt": "2025-01-29T12:26:17.818Z"
        },
        {
            "actor": {
                "did": "did:plc:dde3zwbedizjjvlvo6vzvx53",
                "handle": "whereami6021.bsky.social",
                "displayName": "where am i",
                "avatar": "https://cdn.bsky.app/img/avatar/plain/did:plc:dde3zwbedizjjvlvo6vzvx53/bafkreide3tods6kjopb2zwgrkit7v655rgmcr67yn74nkhxzo26pycyv2e@jpeg",
                "labels": [],
                "createdAt": "2024-10-17T17:05:30.012Z",
                "description": "where am i\n19 | any pronouns\nhttps://www.youtube.com/@awbeans4266",
                "indexedAt": "2025-01-20T03:22:16.742Z"
            },
            "createdAt": "2025-01-29T12:26:17.358Z",
            "indexedAt": "2025-01-29T12:26:17.358Z"
        },
        {
            "actor": {
                "did": "did:plc:2y7wb2lcmu3ego5moqoebd7s",
                "handle": "jny12.bsky.social",
                "displayName": "",
                "avatar": "https://cdn.bsky.app/img/avatar/plain/did:plc:2y7wb2lcmu3ego5moqoebd7s/bafkreif4iwsazk5j2adlfnzu5v6qs5ir6bzlm3wi3ngrq5jzgd3ld2zrxa@jpeg",
                "labels": [],
                "createdAt": "2024-11-24T22:31:36.648Z",
                "indexedAt": "2024-11-24T22:31:36.648Z"
            },
            "createdAt": "2025-01-29T12:26:17.025Z",
            "indexedAt": "2025-01-29T12:26:17.025Z"
        },
        {
            "actor": {
                "did": "did:plc:q64wwvvdlqie65bhemgnseqn",
                "handle": "astralfrog.bsky.social",
                "displayName": "astralfrog",
                "avatar": "https://cdn.bsky.app/img/avatar/plain/did:plc:q64wwvvdlqie65bhemgnseqn/bafkreigdfoogyvlwztfxruyupr2vrtrnzkli4jvg5yv4g5h72dgo6flwlq@jpeg",
                "labels": [],
                "createdAt": "2024-10-17T16:30:42.314Z",
                "description": "number one bandit risk of rain fan | they/she pronouns | minor\n\n@astralfrogg on twitter\n\nFree Palestine. \n\n\ud83c\udff3\ufe0f\u200d\u26a7\ufe0f\ud83c\udff3\ufe0f\u200d\ud83c\udf08\ud83c\udde9\ud83c\uddea",
                "indexedAt": "2025-01-27T17:03:33.843Z"
            },
            "createdAt": "2025-01-29T12:26:16.961Z",
            "indexedAt": "2025-01-29T12:26:16.961Z"
        },
        {
            "actor": {
                "did": "did:plc:l6fp26ktqhfzhwafz7peqwaz",
                "handle": "klemenss.bsky.social",
                "displayName": "Klemens",
                "avatar": "https://cdn.bsky.app/img/avatar/plain/did:plc:l6fp26ktqhfzhwafz7peqwaz/bafkreigy42iiru4e7yhm5atim7owonwtp6ydjx6spsvlqxdf55tkeywn5q@jpeg",
                "associated": {
                    "chat": {
                        "allowIncoming": "all"
                    }
                },
                "labels": [],
                "createdAt": "2023-11-13T00:36:54.369Z",
                "description": "Learner. Interested in the human condition, sustainability, democracy, european policies, geopolitics, good news, pancakes, posting here in en + de",
                "indexedAt": "2025-01-29T12:36:56.543Z"
            },
            "createdAt": "2025-01-29T12:26:16.277Z",
            "indexedAt": "2025-01-29T12:26:16.277Z"
        },
        {
            "actor": {
                "did": "did:plc:yahevup3pjn2bhpflmocbwdb",
                "handle": "bunnygirl316.bsky.social",
                "displayName": "",
                "avatar": "https://cdn.bsky.app/img/avatar/plain/did:plc:yahevup3pjn2bhpflmocbwdb/bafkreicbkwreqre2uhz3n3eqhesvvsdcootb4onshj46iadksysskghsli@jpeg",
                "labels": [],
                "createdAt": "2025-01-18T20:25:37.544Z",
                "indexedAt": "2025-01-18T20:25:37.544Z"
            },
            "createdAt": "2025-01-29T12:26:16.123Z",
            "indexedAt": "2025-01-29T12:26:16.123Z"
        },
        {
            "actor": {
                "did": "did:plc:spbhudbsynrmhpu7shw5jmkw",
                "handle": "yukikairi.bsky.social",
                "displayName": "Kairi \ud83c\udf38",
                "avatar": "https://cdn.bsky.app/img/avatar/plain/did:plc:spbhudbsynrmhpu7shw5jmkw/bafkreiamo2ve4hv6dkoma56u6bzky4ksepfxukerayll3ulxttfdxa46wi@jpeg",
                "associated": {
                    "chat": {
                        "allowIncoming": "all"
                    }
                },
                "labels": [],
                "createdAt": "2023-10-02T12:23:59.129Z",
                "description": "Shift Manager Barista. Passionate Twitch Affiliate gamer.\u2764\ufe0f JRPGs, Final Fantasy, Zelda, Kingdom Hearts, Marvel, Lord of the Rings, Fire Emblem, Xenoblade, Nier, & more. Nintendo ID & PSN: LucisNoctis Twitch: TriforceMoogle",
                "indexedAt": "2024-11-19T21:38:39.867Z"
            },
            "createdAt": "2025-01-29T12:26:15.715Z",
            "indexedAt": "2025-01-29T12:26:15.715Z"
        },
        {
            "actor": {
                "did": "did:plc:kvihqidrd4x7yi4rn7xuaqe2",
                "handle": "kas1a.bsky.social",
                "displayName": "KAS1A@bsky.social",
                "avatar": "https://cdn.bsky.app/img/avatar/plain/did:plc:kvihqidrd4x7yi4rn7xuaqe2/bafkreicaeeqnqla3pcgxmrezez3a5hbknmkubrshxz4rmcaahilu4hyyyi@jpeg",
                "associated": {
                    "chat": {
                        "allowIncoming": "all"
                    }
                },
                "labels": [],
                "createdAt": "2024-11-08T07:13:47.978Z",
                "description": "Travelling, good books and good wine not necessarily in that order \ud83d\ude03\ud83d\ude03\ud83d\ude03",
                "indexedAt": "2024-11-14T19:01:28.531Z"
            },
            "createdAt": "2025-01-29T12:26:15.646Z",
            "indexedAt": "2025-01-29T12:26:15.646Z"
        },
        {
            "actor": {
                "did": "did:plc:exu7osp3mjoy3yseunojjjmd",
                "handle": "grannieslice.bsky.social",
                "displayName": "",
                "avatar": "https://cdn.bsky.app/img/avatar/plain/did:plc:exu7osp3mjoy3yseunojjjmd/bafkreicvocu2ht3pynwlmig5gci43mvcibilp7v46sxhtkg5mpqzxzozg4@jpeg",
                "labels": [],
                "createdAt": "2025-01-21T23:29:06.744Z",
                "indexedAt": "2025-01-21T23:29:06.744Z"
            },
            "createdAt": "2025-01-29T12:26:15.570Z",
            "indexedAt": "2025-01-29T12:26:15.570Z"
        },
        {
            "actor": {
                "did": "did:plc:mx54b3keo7g7cubswst46jct",
                "handle": "lucumacake.bsky.social",
                "displayName": "",
                "avatar": "https://cdn.bsky.app/img/avatar/plain/did:plc:mx54b3keo7g7cubswst46jct/bafkreigtpszhp2ie2ekpx2bktzxm5irieu5jjxfvs727yxncujreb3emsu@jpeg",
                "labels": [
                    {
                        "src": "did:plc:mx54b3keo7g7cubswst46jct",
                        "uri": "at://did:plc:mx54b3keo7g7cubswst46jct/app.bsky.actor.profile/self",
                        "cid": "bafyreia25pu5vqlj6ofhll5pykaorh4d6hjgp4aodlgoz5knunyiumsm5e",
                        "val": "!no-unauthenticated",
                        "cts": "2025-01-29T12:21:20.635Z"
                    }
                ],
                "createdAt": "2025-01-29T12:21:21.243Z",
                "indexedAt": "2025-01-29T13:27:01.343Z"
            },
            "createdAt": "2025-01-29T12:26:15.140Z",
            "indexedAt": "2025-01-29T12:26:15.140Z"
        },
        {
            "actor": {
                "did": "did:plc:ds5h2vafvaptffgxe5w7kev6",
                "handle": "sallsall.bsky.social",
                "displayName": "Sally",
                "avatar": "https://cdn.bsky.app/img/avatar/plain/did:plc:ds5h2vafvaptffgxe5w7kev6/bafkreifsyecz2whh6s25bec4shmqv6mx46hnbww6tgigibf4ofvai36l2e@jpeg",
                "labels": [],
                "createdAt": "2024-11-22T20:43:44.955Z",
                "description": "Socialist, loves cycling, music, reading.",
                "indexedAt": "2024-11-24T11:19:54.745Z"
            },
            "createdAt": "2025-01-29T12:26:14.881Z",
            "indexedAt": "2025-01-29T12:26:14.881Z"
        },
        {
            "actor": {
                "did": "did:plc:ynig7xjlpc7p6ngr56kqfutx",
                "handle": "vawimbish.bsky.social",
                "displayName": "",
                "avatar": "https://cdn.bsky.app/img/avatar/plain/did:plc:ynig7xjlpc7p6ngr56kqfutx/bafkreicwlr4fhupsgscx2ufsdy4g5ncmk7sufz5kspngurv2piw3zlcraq@jpeg",
                "labels": [],
                "createdAt": "2024-11-15T12:34:19.236Z",
                "indexedAt": "2024-11-15T12:34:19.236Z"
            },
            "createdAt": "2025-01-29T12:27:52.444Z",
            "indexedAt": "2025-01-29T12:26:14.254Z"
        },
        {
            "actor": {
                "did": "did:plc:ojqb3ebnszml3cgnpjksnt5r",
                "handle": "gillesmat.bsky.social",
                "displayName": "",
                "avatar": "https://cdn.bsky.app/img/avatar/plain/did:plc:ojqb3ebnszml3cgnpjksnt5r/bafkreihsfbxxrfmhq4ngjhsphzsbtm6l2diysouypdzheynps4yvdvmdcu@jpeg",
                "labels": [],
                "createdAt": "2025-01-05T09:26:30.443Z",
                "indexedAt": "2025-01-05T09:26:30.443Z"
            },
            "createdAt": "2025-01-29T12:26:14.005Z",
            "indexedAt": "2025-01-29T12:26:13.956Z"
        },
        {
            "actor": {
                "did": "did:plc:7p3625kwfqg6cxwomdtteurh",
                "handle": "mineses.bsky.social",
                "displayName": "",
                "avatar": "https://cdn.bsky.app/img/avatar/plain/did:plc:7p3625kwfqg6cxwomdtteurh/bafkreiczv5umduvgp5kacpx473phkbqws3qdr445fxdmj27fnlgn5on2ga@jpeg",
                "labels": [],
                "createdAt": "2024-11-14T12:29:06.583Z",
                "indexedAt": "2024-11-14T12:29:06.583Z"
            },
            "createdAt": "2025-01-29T12:26:12.826Z",
            "indexedAt": "2025-01-29T12:26:12.826Z"
        },
        {
            "actor": {
                "did": "did:plc:25xi7m4nonrujpvs77wn2d7j",
                "handle": "nestorelias.bsky.social",
                "displayName": "",
                "avatar": "https://cdn.bsky.app/img/avatar/plain/did:plc:25xi7m4nonrujpvs77wn2d7j/bafkreidyxtvajuktrsqyuvzjvpsmppvrw5fhjtuecjb6itjtsmxc5gkv7e@jpeg",
                "labels": [],
                "createdAt": "2024-11-12T22:34:43.313Z",
                "indexedAt": "2024-11-12T22:34:43.313Z"
            },
            "createdAt": "2025-01-29T12:26:15.573Z",
            "indexedAt": "2025-01-29T12:26:12.059Z"
        },
        {
            "actor": {
                "did": "did:plc:5q6d4nhekitvwpd6txmhloug",
                "handle": "david0169.bsky.social",
                "displayName": "",
                "avatar": "https://cdn.bsky.app/img/avatar/plain/did:plc:5q6d4nhekitvwpd6txmhloug/bafkreiaaivm26nrimmempsj7dhvny2uxzdasaa73zjho54fquj4v4lxkty@jpeg",
                "labels": [],
                "createdAt": "2024-10-17T15:52:52.208Z",
                "indexedAt": "2024-10-17T15:52:52.208Z"
            },
            "createdAt": "2025-01-29T12:26:11.395Z",
            "indexedAt": "2025-01-29T12:26:11.395Z"
        },
        {
            "actor": {
                "did": "did:plc:drrkrzn2qtxrgdrwltr2ebml",
                "handle": "alphabettysoup.bsky.social",
                "displayName": "",
                "avatar": "https://cdn.bsky.app/img/avatar/plain/did:plc:drrkrzn2qtxrgdrwltr2ebml/bafkreiap4rg2yharoyr5hbrr3res6wzja2qguusr2vswrhilmdpwvlmqki@jpeg",
                "labels": [],
                "createdAt": "2025-01-19T22:12:43.543Z",
                "indexedAt": "2025-01-19T22:12:43.543Z"
            },
            "createdAt": "2025-01-29T12:26:11.310Z",
            "indexedAt": "2025-01-29T12:26:11.310Z"
        },
        {
            "actor": {
                "did": "did:plc:ezmpmjkp5eozouhu342r7zru",
                "handle": "flopanter.bsky.social",
                "displayName": "",
                "avatar": "https://cdn.bsky.app/img/avatar/plain/did:plc:ezmpmjkp5eozouhu342r7zru/bafkreibfq4fszse6qfocq6l5ucuvtccxt2w42jjma6q5oam5gohjhnrtpa@jpeg",
                "labels": [],
                "createdAt": "2024-11-22T10:05:17.953Z",
                "indexedAt": "2024-11-22T10:05:17.953Z"
            },
            "createdAt": "2025-01-29T12:26:11.351Z",
            "indexedAt": "2025-01-29T12:26:11.156Z"
        },
        {
            "actor": {
                "did": "did:plc:ahh7cmxlp3gkbmiqq2vgeczf",
                "handle": "gypsymtngirl.bsky.social",
                "displayName": "Lisa Fights the Patriarchy",
                "avatar": "https://cdn.bsky.app/img/avatar/plain/did:plc:ahh7cmxlp3gkbmiqq2vgeczf/bafkreieb4xshlhfbgandlhfk5hznlxdktmouowtqpc4bpdxfiboahj3pji@jpeg",
                "associated": {
                    "chat": {
                        "allowIncoming": "none"
                    }
                },
                "labels": [],
                "createdAt": "2024-11-13T23:05:15.985Z",
                "description": "Dog Mom \ud83d\udd39RN \ud83d\udd39 Photographer\ud83d\udd39Biblioholic \ud83d\udd39 Atheist \ud83d\udd39 Admirer of Clouds \ud83d\udd39Part of the Resistance \u270a\ud83c\udffc",
                "indexedAt": "2024-12-14T19:51:34.943Z"
            },
            "createdAt": "2025-01-29T12:26:10.765Z",
            "indexedAt": "2025-01-29T12:26:10.765Z"
        },
        {
            "actor": {
                "did": "did:plc:zigoef7adfwepecgq4nhuq45",
                "handle": "slapycron.bsky.social",
                "displayName": "",
                "avatar": "https://cdn.bsky.app/img/avatar/plain/did:plc:zigoef7adfwepecgq4nhuq45/bafkreiaadedmioiw3fhz4hjsks2mblds2rk2kyzqacindkjjjvp5mhwfg4@jpeg",
                "associated": {
                    "chat": {
                        "allowIncoming": "none"
                    }
                },
                "labels": [],
                "createdAt": "2024-10-19T07:20:21.705Z",
                "indexedAt": "2024-10-19T07:20:21.705Z"
            },
            "createdAt": "2025-01-29T12:26:10.573Z",
            "indexedAt": "2025-01-29T12:26:10.573Z"
        },
        {
            "actor": {
                "did": "did:plc:mnj2msuxcq7d24whuqjfmvwj",
                "handle": "skroogers.bsky.social",
                "displayName": "Skroogers",
                "avatar": "https://cdn.bsky.app/img/avatar/plain/did:plc:mnj2msuxcq7d24whuqjfmvwj/bafkreidplvlrxunlzxwpndf5s6s5xlonh3h4uisxbd7esn4evurk47gi5a@jpeg",
                "associated": {
                    "chat": {
                        "allowIncoming": "following"
                    }
                },
                "labels": [],
                "createdAt": "2023-09-24T19:39:59.639Z",
                "indexedAt": "2024-01-20T07:05:09.969Z"
            },
            "createdAt": "2025-01-29T12:26:10.435Z",
            "indexedAt": "2025-01-29T12:26:10.435Z"
        },
        {
            "actor": {
                "did": "did:plc:4via3q2pfciglxekxgw6hmr3",
                "handle": "existentialprizes.bsky.social",
                "displayName": "",
                "avatar": "https://cdn.bsky.app/img/avatar/plain/did:plc:4via3q2pfciglxekxgw6hmr3/bafkreidmvfnmaaqq7dlowt6oj64ok32dfbrg6sxb55cphnfxnbmffu4x7u@jpeg",
                "labels": [],
                "createdAt": "2025-01-26T20:17:50.444Z",
                "indexedAt": "2025-01-26T20:17:50.444Z"
            },
            "createdAt": "2025-01-29T12:26:10.359Z",
            "indexedAt": "2025-01-29T12:26:10.359Z"
        },
        {
            "actor": {
                "did": "did:plc:pgf7g6cnepas7jhlhypzjt4o",
                "handle": "funnylittlething.bsky.social",
                "displayName": "Katie K-T",
                "avatar": "https://cdn.bsky.app/img/avatar/plain/did:plc:pgf7g6cnepas7jhlhypzjt4o/bafkreide6xphekvix6yamiytgkvabk2bysdhdm35yeiscde5j7lvh4tidy@jpeg",
                "associated": {
                    "chat": {
                        "allowIncoming": "all"
                    }
                },
                "labels": [],
                "createdAt": "2024-11-16T08:09:54.376Z",
                "indexedAt": "2024-11-16T08:16:26.673Z"
            },
            "createdAt": "2025-01-29T12:26:10.007Z",
            "indexedAt": "2025-01-29T12:26:10.007Z"
        },
        {
            "actor": {
                "did": "did:plc:d7r45k6hwpsvc7wrzpq5ici7",
                "handle": "johnrivers.bsky.social",
                "displayName": "John Rivers",
                "avatar": "https://cdn.bsky.app/img/avatar/plain/did:plc:d7r45k6hwpsvc7wrzpq5ici7/bafkreidbvi6bzy5rfh7iotkvcvmn5xryt55xdkhpjf6sm4zwrtw6gj2k3u@jpeg",
                "labels": [],
                "createdAt": "2023-08-23T08:45:27.034Z",
                "description": "Pharma village person. DJs on Mixcloud as johnrivers",
                "indexedAt": "2024-01-20T06:23:29.520Z"
            },
            "createdAt": "2025-01-29T12:26:09.723Z",
            "indexedAt": "2025-01-29T12:26:09.723Z"
        },
        {
            "actor": {
                "did": "did:plc:yl3ewofewflqtuwlrdpopib2",
                "handle": "raenbow.xyz",
                "displayName": "Rae \ud83c\udf08",
                "avatar": "https://cdn.bsky.app/img/avatar/plain/did:plc:yl3ewofewflqtuwlrdpopib2/bafkreibtqppsxohzv4wjqetptl2razxe5275fln3u2dwgkupbdyaaibcre@jpeg",
                "associated": {
                    "chat": {
                        "allowIncoming": "following"
                    }
                },
                "labels": [],
                "createdAt": "2023-08-14T16:07:56.302Z",
                "description": "GuildWars2 Engi/Ele main |Naruto/Bleach/Honkai:Star Rail Fan | Cert wrangler / tech tinkerer | lover of puns | Opinions are my own | They/Them | Neurodivergent",
                "indexedAt": "2025-01-17T14:26:19.444Z"
            },
            "createdAt": "2025-01-29T12:26:10.126Z",
            "indexedAt": "2025-01-29T12:26:09.458Z"
        },
        {
            "actor": {
                "did": "did:plc:ygxgg5fyefqpp6pkflyhdnjy",
                "handle": "huhgarbage.bsky.social",
                "displayName": "Huh?",
                "avatar": "https://cdn.bsky.app/img/avatar/plain/did:plc:ygxgg5fyefqpp6pkflyhdnjy/bafkreiey77oh5erg4sacbzy4bcv4wmv2vvyq4i7dlgiziydz2skrtqo4wy@jpeg",
                "labels": [],
                "createdAt": "2024-11-02T08:37:45.881Z",
                "description": "the internet's busiest sleeper.\nworld's worst posts\nold account @somegarbage.bsky.social don't have acces to it no more",
                "indexedAt": "2024-12-16T19:17:18.942Z"
            },
            "createdAt": "2025-01-29T12:26:09.243Z",
            "indexedAt": "2025-01-29T12:26:09.243Z"
        },
        {
            "actor": {
                "did": "did:plc:eymr56nevoxdutzj5t4x2taj",
                "handle": "riscophantom.bsky.social",
                "displayName": "King of Pandora\ud83e\udec5\ud83c\udffb\ud83c\udff3\ufe0f\u200d\ud83c\udf08",
                "avatar": "https://cdn.bsky.app/img/avatar/plain/did:plc:eymr56nevoxdutzj5t4x2taj/bafkreickeht7z65doe2elhmlbwy5jo6cnhqja43a5xahgcetgcm2o4faoi@jpeg",
                "labels": [],
                "createdAt": "2023-09-15T22:05:14.095Z",
                "description": "Nv31. Rey de Pandora \ud83c\udfb6\ud83c\udff3\ufe0f\u200d\ud83c\udf08\nGaymer - Pok\u00e9mon Trainer\nGraduado en Ciencias Ambientales \ud83c\udf0dUAM\nT\u00e9cnico de laborat. cl\u00ednico \nSnow Soul\nSeri\u00e9filo\nEurofan\n\ud83d\udc51Pandora\nhttps://www.instagram.com/riscophantomhive/\nhttps://x.com/riscophantom?t=_27klFKcHatTWElZvPuE4g&s=09",
                "indexedAt": "2024-12-30T23:38:09.824Z"
            },
            "createdAt": "2025-01-29T12:26:08.787Z",
            "indexedAt": "2025-01-29T12:26:08.787Z"
        },
        {
            "actor": {
                "did": "did:plc:rqjvlr5wyimwd4lbytnf7z6y",
                "handle": "jamflo.bsky.social",
                "displayName": "",
                "avatar": "https://cdn.bsky.app/img/avatar/plain/did:plc:rqjvlr5wyimwd4lbytnf7z6y/bafkreid5uyqa7e6nmdczfmdi7redrvzara4u2xdvifrnnocvcz4lxo7vhm@jpeg",
                "labels": [],
                "createdAt": "2024-11-09T05:09:12.789Z",
                "description": "Husband. Father. Engineer. Student of life. \n\nUIUC Alum. Sports fan for Seattle Mariners, Seahawks, Kraken, Storm and Chicago Cubs and Bears.",
                "indexedAt": "2024-12-13T15:29:28.543Z"
            },
            "createdAt": "2025-01-29T12:26:08.655Z",
            "indexedAt": "2025-01-29T12:26:08.655Z"
        },
        {
            "actor": {
                "did": "did:plc:ehoe6awauf46sz4qssda5pdu",
                "handle": "tiffanybriggs.bsky.social",
                "displayName": "",
                "avatar": "https://cdn.bsky.app/img/avatar/plain/did:plc:ehoe6awauf46sz4qssda5pdu/bafkreidv6zd2kqiafhye5acapitjhhlzcnhuoc3lx7xmuse23hatd7a7wa@jpeg",
                "labels": [],
                "createdAt": "2025-01-08T12:05:36.542Z",
                "description": "Educator, reader, knitter, ally, mom",
                "indexedAt": "2025-01-26T13:58:07.844Z"
            },
            "createdAt": "2025-01-29T12:26:08.501Z",
            "indexedAt": "2025-01-29T12:26:08.501Z"
        },
        {
            "actor": {
                "did": "did:plc:sednjwwn6weynsukqnhosn2m",
                "handle": "markjohnston905.bsky.social",
                "displayName": "Mark Johnston",
                "avatar": "https://cdn.bsky.app/img/avatar/plain/did:plc:sednjwwn6weynsukqnhosn2m/bafkreihhy743jlhfn523kdjshp5s57vhzqety2p6hbzlpefntb4dm4i7he@jpeg",
                "labels": [],
                "createdAt": "2024-10-18T11:54:12.711Z",
                "description": "Dad, teacher, author (author.mrjohnston.ca)",
                "indexedAt": "2025-01-23T00:11:45.944Z"
            },
            "createdAt": "2025-01-29T12:26:08.408Z",
            "indexedAt": "2025-01-29T12:26:08.408Z"
        },
        {
            "actor": {
                "did": "did:plc:7usifldbmayqxhs25wsfykry",
                "handle": "kokodogsit.bsky.social",
                "displayName": "",
                "avatar": "https://cdn.bsky.app/img/avatar/plain/did:plc:7usifldbmayqxhs25wsfykry/bafkreied5zkmfyjuflkigkum4x6h5tfusig7jslh6vnk64v3plrb5k2ei4@jpeg",
                "labels": [],
                "createdAt": "2024-11-13T21:23:39.076Z",
                "indexedAt": "2024-11-13T21:23:39.076Z"
            },
            "createdAt": "2025-01-29T12:26:08.322Z",
            "indexedAt": "2025-01-29T12:26:08.322Z"
        },
        {
            "actor": {
                "did": "did:plc:te4erdctae6sesucxs4kmk23",
                "handle": "mouseclickchick.bsky.social",
                "labels": [],
                "createdAt": "2023-12-04T17:59:52.287Z"
            },
            "createdAt": "2025-01-29T12:26:08.131Z",
            "indexedAt": "2025-01-29T12:26:08.131Z"
        },
        {
            "actor": {
                "did": "did:plc:dcgfmk4dq5zzkprmd4t3udtw",
                "handle": "skara627.bsky.social",
                "displayName": "skara",
                "avatar": "https://cdn.bsky.app/img/avatar/plain/did:plc:dcgfmk4dq5zzkprmd4t3udtw/bafkreib3adgc57gbszzzwga3z6tczxmeiqtis55s42vw7ndptw6ddev4jm@jpeg",
                "associated": {
                    "chat": {
                        "allowIncoming": "all"
                    }
                },
                "labels": [],
                "createdAt": "2024-02-06T20:38:43.523Z",
                "description": "Arctic fox/wolf | supreme bean | film photography | record collecting | bikes | Scottish | 27 | metalhead | @Skara627 on telegram |",
                "indexedAt": "2024-10-26T18:40:22.107Z"
            },
            "createdAt": "2025-01-29T12:26:07.964Z",
            "indexedAt": "2025-01-29T12:26:07.964Z"
        },
        {
            "actor": {
                "did": "did:plc:cvsdqji3woqzsfgcayinj57y",
                "handle": "janmakarta.bsky.social",
                "displayName": "Janet MacKenzie",
                "avatar": "https://cdn.bsky.app/img/avatar/plain/did:plc:cvsdqji3woqzsfgcayinj57y/bafkreievd2jv4a77ltqy7jfb72txeo6v5miihjt7rnh44qzzymy57ev2aa@jpeg",
                "associated": {
                    "chat": {
                        "allowIncoming": "following"
                    }
                },
                "labels": [],
                "createdAt": "2023-09-11T14:10:12.718Z",
                "description": "Librarian, translator,\u2764\ufe0f languages (currently Welsh, also DE, DA, FR; BA in FR from Birmingham Univ.) and classical vocal music (esp. choral and Lieder). Liverpudlian, has lived in Munich for over 45 yrs. #RejoinEU \ud83c\uddea\ud83c\uddfa\ud83c\udff4\udb40\udc67\udb40\udc62\udb40\udc77\udb40\udc6c\udb40\udc73\udb40\udc7f\ud83c\udde9\ud83c\uddea\ud83c\udde9\ud83c\uddf0\ud83c\uddeb\ud83c\uddf7\ud83c\udff4\udb40\udc67\udb40\udc62\udb40\udc73\udb40\udc63\udb40\udc74\udb40\udc7f",
                "indexedAt": "2024-11-16T15:59:01.474Z"
            },
            "createdAt": "2025-01-29T12:26:07.401Z",
            "indexedAt": "2025-01-29T12:26:07.401Z"
        },
        {
            "actor": {
                "did": "did:plc:hncylcwrdq22iw6ypaxs7ngs",
                "handle": "writeapparently.bsky.social",
                "displayName": "",
                "avatar": "https://cdn.bsky.app/img/avatar/plain/did:plc:hncylcwrdq22iw6ypaxs7ngs/bafkreih52ryfqxqe65tjlvfcvqg2ko6s3dk52hvu5mf2dcon5ejhco22l4@jpeg",
                "associated": {
                    "chat": {
                        "allowIncoming": "all"
                    }
                },
                "labels": [],
                "createdAt": "2024-11-12T03:14:40.603Z",
                "indexedAt": "2024-12-13T01:02:31.342Z"
            },
            "createdAt": "2025-01-29T12:26:07.211Z",
            "indexedAt": "2025-01-29T12:26:07.211Z"
        },
        {
            "actor": {
                "did": "did:plc:5l6n5omkwycuf5xhjcn5nde5",
                "handle": "ipv6tech.net",
                "displayName": "Scott Taylor",
                "avatar": "https://cdn.bsky.app/img/avatar/plain/did:plc:5l6n5omkwycuf5xhjcn5nde5/bafkreih7pro5kxtj4rtuf4q5n4ravc4caki7m43v5fmxfbxwji4bohnuwy@jpeg",
                "labels": [],
                "createdAt": "2024-11-19T15:47:59.704Z",
                "description": "Network geek in the R&E field\n\nNew York City, NY",
                "indexedAt": "2024-11-19T16:09:09.306Z"
            },
            "createdAt": "2025-01-29T12:26:07.153Z",
            "indexedAt": "2025-01-29T12:26:07.153Z"
        },
        {
            "actor": {
                "did": "did:plc:f6iuj5exja7vpy6gowttreyz",
                "handle": "studley.bsky.social",
                "displayName": "Studley",
                "avatar": "https://cdn.bsky.app/img/avatar/plain/did:plc:f6iuj5exja7vpy6gowttreyz/bafkreiddua3elc2iyba7kejxu7h6r6m4kug32qy7l5jirfomv3t2xjhj4y@jpeg",
                "associated": {
                    "chat": {
                        "allowIncoming": "following"
                    }
                },
                "labels": [],
                "createdAt": "2023-07-07T14:09:46.199Z",
                "description": "she glunk on my   glorm but in an ironic sense . so like      we both understand the format of the joke but   w\n\nhe/him",
                "indexedAt": "2024-01-20T05:11:30.084Z"
            },
            "createdAt": "2025-01-29T12:26:07.156Z",
            "indexedAt": "2025-01-29T12:26:07.148Z"
        },
        {
            "actor": {
                "did": "did:plc:dct36qqaicwaelk4suookr6p",
                "handle": "actsnycfc.bsky.social",
                "displayName": "Cameron Tancrede",
                "avatar": "https://cdn.bsky.app/img/avatar/plain/did:plc:dct36qqaicwaelk4suookr6p/bafkreia2wll7tgtgej5ykrhjapj3srfqn6voxn5yplliixy4vxvvjg7cj4@jpeg",
                "labels": [],
                "createdAt": "2024-10-12T02:44:17.810Z",
                "description": "New York, Urbanism, Architecture, NYCFC.",
                "indexedAt": "2024-12-04T12:23:01.243Z"
            },
            "createdAt": "2025-01-29T12:26:07.272Z",
            "indexedAt": "2025-01-29T12:26:06.353Z"
        },
        {
            "actor": {
                "did": "did:plc:tb4mtk5sbaxhbxj7bxdbauqe",
                "handle": "amandamayclair.bsky.social",
                "displayName": "Amanda MayClair, Author and Artistry",
                "avatar": "https://cdn.bsky.app/img/avatar/plain/did:plc:tb4mtk5sbaxhbxj7bxdbauqe/bafkreihukmkqp6eg3i26kbmgdsxk2364mc7ig7jrbpf7jq3hl6oefyjkl4@jpeg",
                "labels": [],
                "createdAt": "2024-12-18T20:26:27.943Z",
                "description": "Author of science fiction and fantasy novels, novellas, and short stories.  Cares about all our futures.",
                "indexedAt": "2024-12-22T19:51:18.942Z"
            },
            "createdAt": "2025-01-29T12:26:06.258Z",
            "indexedAt": "2025-01-29T12:26:06.258Z"
        },
        {
            "actor": {
                "did": "did:plc:ro25elqbegponryc4t3a4zql",
                "handle": "itskaiydennm.bsky.social",
                "displayName": "Kaiydenn [SOON]",
                "avatar": "https://cdn.bsky.app/img/avatar/plain/did:plc:ro25elqbegponryc4t3a4zql/bafkreif2yz6cyem6dcldghv5opei5xpmewpc6vjolmbezeoxjginxh2svy@jpeg",
                "associated": {
                    "chat": {
                        "allowIncoming": "all"
                    }
                },
                "labels": [],
                "createdAt": "2023-09-20T12:12:20.568Z",
                "description": "21 \u2022 aspiring singer/songwriter and producer \u2022 Art Hobbyist \u2022 Rabbit Furry \ud83d\udc30\n\nCheck out \ud835\udd90\ud835\udd86\ud835\udd8e\ud835\udd9e\ud835\udd89\ud835\udd8a\ud835\udd93\ud835\udd93 on #SoundCloud\nhttps://on.soundcloud.com/xapFy",
                "indexedAt": "2025-01-28T09:39:08.044Z"
            },
            "createdAt": "2025-01-29T12:26:06.202Z",
            "indexedAt": "2025-01-29T12:26:06.202Z"
        },
        {
            "actor": {
                "did": "did:plc:acr4mqwaqzzrvplxnq76iodf",
                "handle": "lakeginger.bsky.social",
                "displayName": "Jennifer Lake",
                "avatar": "https://cdn.bsky.app/img/avatar/plain/did:plc:acr4mqwaqzzrvplxnq76iodf/bafkreib23cbgug5ptoqqdn54dvrpxwcsqkp2lgdiiifxjq2pwvcm3dpxoi@jpeg",
                "labels": [],
                "createdAt": "2024-11-14T02:47:32.101Z",
                "description": "Literacy nerd, travel lover, lifelong learner, instructional leader, supporter of democracy and human rights",
                "indexedAt": "2024-11-20T17:41:27.553Z"
            },
            "createdAt": "2025-01-29T12:26:05.652Z",
            "indexedAt": "2025-01-29T12:26:05.652Z"
        },
        {
            "actor": {
                "did": "did:plc:gt4wqnp77v3qb2quycp6lrx6",
                "handle": "lorriedo.bsky.social",
                "displayName": "",
                "avatar": "https://cdn.bsky.app/img/avatar/plain/did:plc:gt4wqnp77v3qb2quycp6lrx6/bafkreia3pkys4df4pqas5dck2d2b6yuxpz4l7zupaijpqnugg64eh4444a@jpeg",
                "labels": [],
                "createdAt": "2025-01-21T20:43:17.645Z",
                "indexedAt": "2025-01-25T11:46:03.341Z"
            },
            "createdAt": "2025-01-29T12:26:05.629Z",
            "indexedAt": "2025-01-29T12:26:05.629Z"
        },
        {
            "actor": {
                "did": "did:plc:cvharnczaxp3vhiqhrjwefat",
                "handle": "eplikutriinu.bsky.social",
                "displayName": "tri:nu",
                "avatar": "https://cdn.bsky.app/img/avatar/plain/did:plc:cvharnczaxp3vhiqhrjwefat/bafkreiht4jmi64sc23qyvxincwx2skcnml7muxtz2q4anlesmrut44fwti@jpeg",
                "labels": [],
                "createdAt": "2024-12-07T17:15:59.547Z",
                "description": "I am a member of \nThe Hille T\u00e4navsuu cancer treatment foundation \u201cThe Gift of Life\u201d (V\u00e4hiravifond Kingitud Elu)\nNGO T\u00fcri Kogukonnaselts- Frog House (Konna Maja)\nNGO Peaasjad- Improving the mental health of young people and Estonians in general.\n",
                "indexedAt": "2025-01-22T10:14:23.144Z"
            },
            "createdAt": "2025-01-29T12:26:05.089Z",
            "indexedAt": "2025-01-29T12:26:05.089Z"
        }
    ],
    "cursor": "2025-01-29T12:26:05.089Z",
    "uri": "at://did:plc:z72i7hdynmk6r22z27h6tvur/app.bsky.feed.post/3lgu4lg6j2k2v"
}