{
    "posts": [
        {
            "uri": "at://did:plc:x73v5yg6hmwq7dpkg2xij2n5/app.bsky.feed.post/3l5htzzn6ny2w",
            "cid": "bafyreibn7kurqrfo7xsjy2vb4m46ukph2qh7362j7gvb53zzekythcqn5a",
            "author": {
                "did": "did:plc:x73v5yg6hmwq7dpkg2xij2n5",
                "handle": "wealthcamelina.bsky.social",
                "displayName": "cyber camelina",
                "avatar": "https://cdn.bsky.app/img/avatar/plain/did:plc:x73v5yg6hmwq7dpkg2xij2n5/bafkreiaupxbm2ucvil7fafoz5d245kvu7ylbt3fuvduvdbjcb3iuwrcmmq@jpeg",
                "associated": {
                    "chat": {
                        "allowIncoming": "following"
                    }
                },
                "labels": [],
                "createdAt": "2024-01-08T02:59:24.733Z"
            },
            "record": {
                "$type": "app.bsky.feed.post",
                "createdAt": "2024-10-01T18:29:22.123Z",
                "embed": {
                    "$type": "app.bsky.embed.record",
                    "record": {
                        "cid": "bafyreifpk2pv4izewedrukqaguxg5fxafitgkony3nws56uvkfooibeigm",
                        "uri": "at://did:plc:ynl2frkgfgqsi4s2v4q62gp6/app.bsky.feed.post/3l5ho3m2g642t"
                    }
                },
                "langs": [
                    "en"
                ],
                "text": "and let the bots begin."
            },
            "embed": {
                "$type": "app.bsky.embed.record#view",
                "record": {
                    "$type": "app.bsky.embed.record#viewRecord",
                    "uri": "at://did:plc:ynl2frkgfgqsi4s2v4q62gp6/app.bsky.feed.post/3l5ho3m2g642t",
                    "cid": "bafyreifpk2pv4izewedrukqaguxg5fxafitgkony3nws56uvkfooibeigm",
                    "author": {
                        "did": "did:plc:ynl2frkgfgqsi4s2v4q62gp6",
                        "handle": "blueskyuser123.bsky.social",
                        "displayName": "",
                        "avatar": "https://cdn.bsky.app/img/avatar/plain/did:plc:ynl2frkgfgqsi4s2v4q62gp6/bafkreif7vgd367neyjbebsnazzgdnsyk3qqp3dxofcte2zyqahxvtbi6zy@jpeg",
                        "labels": [],
                        "createdAt": "2024-10-01T16:22:14.106Z"
                    },
                    "value": {
                        "$type": "app.bsky.feed.post",
                        "createdAt": "2024-10-01T16:42:51.031493+00:00",
                        "langs": [
                            "en"
                        ],
                        "text": "Hello world! I posted this via the Python SDK."
                    },
                    "labels": [],
                    "likeCount": 8,
                    "replyCount": 0,
                    "repostCount": 0,
                    "quoteCount": 1,
                    "indexedAt": "2024-10-01T16:42:51.031Z",
                    "embeds": []
                }
            },
            "replyCount": 0,
            "repostCount": 0,
            "likeCount": 0,
            "quoteCount": 0,
            "indexedAt": "2024-10-01T18:29:20.813Z",
            "labels": []
        }
    ],
    "uri": "at://did:plc:ynl2frkgfgqsi4s2v4q62gp6/app.bsky.feed.post/3l5ho3m2g642t"
}