{
    "repostedBy": [
        {
            "did": "did:plc:zzj2ktesuv2d4uy23n6fibxb",
            "handle": "teeda100.bsky.social",
            "displayName": "Teeda100",
            "avatar": "https://cdn.bsky.app/img/avatar/plain/did:plc:zzj2ktesuv2d4uy23n6fibxb/bafkreiduutjnhegp3wmlynjabulza2jd66o7w7v7efrvk6f46zfi57s6aq@jpeg",
            "labels": [],
            "createdAt": "2024-10-16T22:46:50.608Z",
            "description": "Canadian. Peace. Inclusion. Compassion.  Anti-Fascist. \nTRYING to be kind in a cruel world.\u2764\ufe0f\ud83c\udde8\ud83c\udde6\n\nRecent X Escapee.",
            "indexedAt": "2024-11-21T18:54:58.872Z"
        },
        {
            "did": "did:plc:zzfoduurg4z7llbonna5bki4",
            "handle": "maxtemper.bsky.social",
            "displayName": "",
            "avatar": "https://cdn.bsky.app/img/avatar/plain/did:plc:zzfoduurg4z7llbonna5bki4/bafkreignvl5xuudy4p4idw7f45nyrsk2ozpdrcjjhzmbnrhbgivdhgxste@jpeg",
            "labels": [],
            "createdAt": "2023-09-09T07:30:23.467Z",
            "description": "A lot of NSFW reposts will be on rhis account, be aware before following, no minors.\n\nPfp from @nana_illust on twitter",
            "indexedAt": "2024-01-20T07:15:06.301Z"
        },
        {
            "did": "did:plc:zyyii2svuvl6osymufsmk4si",
            "handle": "ejm0.bsky.social",
            "displayName": "ejm",
            "avatar": "https://cdn.bsky.app/img/avatar/plain/did:plc:zyyii2svuvl6osymufsmk4si/bafkreihjpebioywr2yohn4u3vimprfq62pxwgwt5xoj3ov7tq7ibxj25va@jpeg",
            "labels": [
                {
                    "src": "did:plc:zyyii2svuvl6osymufsmk4si",
                    "uri": "at://did:plc:zyyii2svuvl6osymufsmk4si/app.bsky.actor.profile/self",
                    "cid": "bafyreihivqu6tvllwc6nblxqmlwn5aumqgx2q2apeikfesphwmcb5htebu",
                    "val": "!no-unauthenticated",
                    "cts": "2024-11-10T22:07:21.161Z"
                }
            ],
            "createdAt": "2024-11-10T22:07:29.182Z",
            "description": "SAPIENS DOMINABITUR PISCIBUS.\nHOC MODO.\nIMPERIUM russi\u00e6 DELENDUM EST.\n\nboozallen.com",
            "indexedAt": "2024-11-13T05:09:46.382Z"
        },
        {
            "did": "did:plc:zw7r5zkzqrkhuykhigihrr3m",
            "handle": "thefiretiger21.bsky.social",
            "displayName": "TheFireTiger(9+10)",
            "avatar": "https://cdn.bsky.app/img/avatar/plain/did:plc:zw7r5zkzqrkhuykhigihrr3m/bafkreibyivsuhbkgr5wtoen25he67tddknccn3jexyxuks7kyv66qm6he4@jpeg",
            "associated": {
                "chat": {
                    "allowIncoming": "following"
                }
            },
            "labels": [],
            "createdAt": "2023-09-22T20:55:42.154Z",
            "description": "25 / M (he/they) / \ud83c\uddf5\ud83c\uddea / \ud83c\udff3\ufe0f\u200d\ud83c\udf08 || \u2764\ufe0f @cc56.bsky.social\nfurry, autistic, plural system of 4\nfan of Fortnite and Puyo Puyo\ndoes not post a lot, but will get there\n\noften reskeets suggestive art, \ud83d\udd1e",
            "indexedAt": "2024-12-01T15:16:31.445Z"
        },
        {
            "did": "did:plc:zr5lz6v4sf4dacvjtqmeznz4",
            "handle": "galegusto.bsky.social",
            "displayName": "Gale Gusto",
            "avatar": "https://cdn.bsky.app/img/avatar/plain/did:plc:zr5lz6v4sf4dacvjtqmeznz4/bafkreibd766sp23kpie2osblfvt2jvhsl2kuc7cyfmmmfc4fn5qi5ct64y@jpeg",
            "labels": [],
            "createdAt": "2023-10-02T15:29:26.772Z",
            "description": "Just a child of the City",
            "indexedAt": "2024-11-07T07:35:18.781Z"
        },
        {
            "did": "did:plc:zqmch6mdkpyuagfwyljvkknd",
            "handle": "venommommy.bsky.social",
            "displayName": "",
            "avatar": "https://cdn.bsky.app/img/avatar/plain/did:plc:zqmch6mdkpyuagfwyljvkknd/bafkreidhnsojaiyo3dgj3nducea7oomcjfmh32heyfua7clr6oadms6x4a@jpeg",
            "labels": [],
            "createdAt": "2024-11-12T18:51:24.803Z",
            "indexedAt": "2024-11-12T18:51:24.803Z"
        },
        {
            "did": "did:plc:zm5oxtahnpltbkqdz4umgpty",
            "handle": "laphelps.bsky.social",
            "displayName": "Leslie Phelps",
            "avatar": "https://cdn.bsky.app/img/avatar/plain/did:plc:zm5oxtahnpltbkqdz4umgpty/bafkreidnpcbdbjyf4o2bi7d6iuzgeyktp72yl73bp5y5mpm57tf6p2fonu@jpeg",
            "labels": [],
            "createdAt": "2024-03-23T12:53:09.407Z",
            "description": "Fla/Illinois",
            "indexedAt": "2024-11-27T00:15:33.945Z"
        },
        {
            "did": "did:plc:zispdtluzsmmhxfbhetm3tkp",
            "handle": "bhsdesk.bsky.social",
            "displayName": "BHS, Magical Girl Authority\u2122 \ud83c\udff3\ufe0f\u200d\u26a7\ufe0f",
            "avatar": "https://cdn.bsky.app/img/avatar/plain/did:plc:zispdtluzsmmhxfbhetm3tkp/bafkreie5fi4zf5y3p3hjeeavj3x6kk4xx7jghcg63z7inni7ci6mcodloe@jpeg",
            "associated": {
                "chat": {
                    "allowIncoming": "following"
                }
            },
            "labels": [],
            "createdAt": "2023-08-21T02:15:28.137Z",
            "description": "Writer, #Koikatsu guy. All magical girl media is valid.\n\nAuthor of #ShatteredSkiesTheMorningLights.\n\nStan for #KagamiHiiragi, #HugttoPrecure, #StarTrek, #MadokaMagica, #MahoAko\n\nOften NSFW, \ud83d\udd1e #BHSFanart\n\n\ud83c\udff3\ufe0f\u200d\u26a7\ufe0f GNC, ace/aro, he/him.\n\nlink.space/@bhsdesk",
            "indexedAt": "2024-11-19T12:55:00.905Z"
        },
        {
            "did": "did:plc:zi6vqnjderpa766p7rgidjky",
            "handle": "expatriot.bsky.social",
            "displayName": "Expatriot",
            "avatar": "https://cdn.bsky.app/img/avatar/plain/did:plc:zi6vqnjderpa766p7rgidjky/bafkreic62cz6rupilg5fyoywxib5ueifmlcg43weowiub6z7b644aenfty@jpeg",
            "labels": [],
            "createdAt": "2023-07-01T23:11:25.600Z",
            "description": "A refugee from a torn and broken land suffering under the iron fist of a mad despot.",
            "indexedAt": "2024-12-04T20:36:12.846Z"
        },
        {
            "did": "did:plc:zgxqpbjpkjmqcekbwivdo7ly",
            "handle": "11charlie.bsky.social",
            "displayName": "",
            "avatar": "https://cdn.bsky.app/img/avatar/plain/did:plc:zgxqpbjpkjmqcekbwivdo7ly/bafkreiagxbzvgelo5zy7cnpn4fkrbelx666pm7fvlegn47ml25grfcgc5y@jpeg",
            "labels": [],
            "createdAt": "2024-11-14T12:42:35.782Z",
            "indexedAt": "2024-11-14T12:42:35.782Z"
        },
        {
            "did": "did:plc:zdyzlmwz2yw7wjjp32wguib5",
            "handle": "johannesignotus.bsky.social",
            "displayName": "Johannes Ignotus",
            "avatar": "https://cdn.bsky.app/img/avatar/plain/did:plc:zdyzlmwz2yw7wjjp32wguib5/bafkreigqe3uvciivd2iefaqyl3ylu7m6kx6ihhv52fo32srvvr6zjphesy@jpeg",
            "labels": [],
            "createdAt": "2023-12-09T05:45:47.801Z",
            "description": "Husband, father, writer, software engineer, lawyer, frequently sarcastic, over educated, AuDHD, \ud83d\udeabMAGAts",
            "indexedAt": "2024-12-01T23:55:39.444Z"
        },
        {
            "did": "did:plc:zcaju5gkvtcph4wzisxsc2vs",
            "handle": "dankmachine3548.bsky.social",
            "displayName": "Dank Machine",
            "avatar": "https://cdn.bsky.app/img/avatar/plain/did:plc:zcaju5gkvtcph4wzisxsc2vs/bafkreieou76lfvbux7cqteu4lhagmr4eioq2jz42eissgwgwu4tg4muvwy@jpeg",
            "associated": {
                "chat": {
                    "allowIncoming": "all"
                }
            },
            "labels": [],
            "createdAt": "2023-12-02T05:30:29.314Z",
            "indexedAt": "2024-10-19T19:59:23.614Z"
        },
        {
            "did": "did:plc:z4afst5hpey5ydvds5gltek5",
            "handle": "dzhemesh.bsky.social",
            "displayName": "\u01a7tiffler \u15e1zh\u00e9mesh",
            "avatar": "https://cdn.bsky.app/img/avatar/plain/did:plc:z4afst5hpey5ydvds5gltek5/bafkreibi4ork5hfwewlcf7meyryijqvhpko7zfwulcduwip7g6numb2mc4@jpeg",
            "labels": [],
            "createdAt": "2023-09-01T04:23:48.381Z",
            "description": "\ud83c\udff3\ufe0f\u200d\ud83c\udf08\ud83c\udff4\u200d\u2620\ufe0f\ud83d\udc4b\ud83c\udffc #TheExpanse, #InterviewWithTheVampire, #Watchmen, #Babylon5 fan. Says Fuck way too Fucking much.\nSphinx of Black Quartz, judge my vow!",
            "indexedAt": "2024-11-13T11:04:51.185Z"
        },
        {
            "did": "did:plc:yy7lr6rbxybzd3xrpzh22et4",
            "handle": "peprosenfeld.bsky.social",
            "displayName": "Pep Rosenfeld",
            "avatar": "https://cdn.bsky.app/img/avatar/plain/did:plc:yy7lr6rbxybzd3xrpzh22et4/bafkreihgirr6jterbwsg5bw7pu2q5ww5xyn7qt5xiwev2r5cpuq73fgtoa@jpeg",
            "labels": [],
            "createdAt": "2023-07-03T10:05:49.982Z",
            "description": "Founder of Amsterdam's Boom Chicago. I host things and make jokes and love gadgets and like politics and hate iPhones. I fondly remember my Twitter blue check.",
            "indexedAt": "2024-01-20T06:18:21.435Z"
        },
        {
            "did": "did:plc:yweidqh6gftheb6ltkev5ag5",
            "handle": "cerberusshen.bsky.social",
            "displayName": "Shen (\u2060\u00a0\u0361\u2060\u00b0\u2060\u1d25\u2060\u00a0\u0361\u2060\u00b0\u2060\u00a0\u2060\u028b\u2060)",
            "avatar": "https://cdn.bsky.app/img/avatar/plain/did:plc:yweidqh6gftheb6ltkev5ag5/bafkreie3lfjd72hga5njaib5y5h7hc5pnio4fpnaxqtgenerd3ex4l5asi@jpeg",
            "labels": [],
            "createdAt": "2024-11-17T12:13:10.832Z",
            "description": "\u2728 Your favorite cult leader \n\u2728 Villain of the week \n\u2728 \ud83d\udd1e NSFW",
            "indexedAt": "2024-11-24T14:20:33.046Z"
        },
        {
            "did": "did:plc:yls6nqtwbn6qztlgnn6xqppy",
            "handle": "denisewrites.bsky.social",
            "displayName": "Denise Watson",
            "avatar": "https://cdn.bsky.app/img/avatar/plain/did:plc:yls6nqtwbn6qztlgnn6xqppy/bafkreidrykhpyus7tch3qvhagmorhzf2ggq4z63rqs4amwisi2zt5xubfi@jpeg",
            "labels": [],
            "createdAt": "2024-11-11T02:55:55.785Z",
            "description": "Features and education editor at The Virginian-Pilot/Daily Press. Master gardener, history lover, Gen Xer meaning FAFO. Here for news and giggles, mostly giggles. ",
            "indexedAt": "2024-11-15T00:59:02.152Z"
        },
        {
            "did": "did:plc:yhyp7gydlhxbzloa5pv7szi2",
            "handle": "jaymutz.bsky.social",
            "displayName": "J. Mutzfeld",
            "avatar": "https://cdn.bsky.app/img/avatar/plain/did:plc:yhyp7gydlhxbzloa5pv7szi2/bafkreiaqetbvt4mvhrksru3ugyf6ymgix5i4dx76gtqfsnkfwwzg5axgve@jpeg",
            "labels": [],
            "createdAt": "2024-11-15T02:06:42.237Z",
            "description": "This space intentionally left blank. Offer void were prohibited. Batteries not included.",
            "indexedAt": "2024-11-26T16:28:55.145Z"
        },
        {
            "did": "did:plc:ycsqjsdgs7mo2xb6hdnr3cgp",
            "handle": "lootlad.com",
            "displayName": "LootLad \ud83c\udff3\ufe0f\u200d\ud83c\udf08",
            "avatar": "https://cdn.bsky.app/img/avatar/plain/did:plc:ycsqjsdgs7mo2xb6hdnr3cgp/bafkreid5n766rqzzuo3a2qfim6eombgtylcsownbkyse3vcdk5ladulzve@jpeg",
            "labels": [],
            "createdAt": "2024-11-23T21:33:47.346Z",
            "description": "Just a lad who loves loot... and democracy.",
            "indexedAt": "2024-11-28T17:00:21.546Z"
        },
        {
            "did": "did:plc:yauak5ia7rfgvlindftijilw",
            "handle": "jeromeviveiros.bsky.social",
            "displayName": "Jerome",
            "avatar": "https://cdn.bsky.app/img/avatar/plain/did:plc:yauak5ia7rfgvlindftijilw/bafkreiamkdpsynpft26cn62c7zqaybrokqh7cdwmqodifkfa4nzoa5mf6m@jpeg",
            "labels": [],
            "createdAt": "2024-11-14T07:00:06.519Z",
            "description": "It's me, Jerome. 53 year old South African single father, c# developer, former meth head - clean since September 2013. And atheist. Keep your religion away from me.\n\nAlso I despise all right wing politics and don't want to see it here. ",
            "indexedAt": "2024-11-21T06:33:24.871Z"
        },
        {
            "did": "did:plc:y6mjywdd3sematiqod6hvhwe",
            "handle": "growlybitebite.bsky.social",
            "displayName": "Growly Bite Bite",
            "avatar": "https://cdn.bsky.app/img/avatar/plain/did:plc:y6mjywdd3sematiqod6hvhwe/bafkreievvugvqcti2n5krhcr2cel3hy2bl32q4opvey2ql6zcilpulaxxe@jpeg",
            "associated": {
                "chat": {
                    "allowIncoming": "following"
                }
            },
            "labels": [],
            "createdAt": "2023-08-24T20:13:29.818Z",
            "description": "Ansgar's pet succubus (please no DM's)",
            "indexedAt": "2024-12-14T04:11:14.343Z"
        },
        {
            "did": "did:plc:y4jf4mlhjjuzhzepteyhp7sd",
            "handle": "cooperchef.bsky.social",
            "displayName": "K. A. Cooper",
            "avatar": "https://cdn.bsky.app/img/avatar/plain/did:plc:y4jf4mlhjjuzhzepteyhp7sd/bafkreidjgzxp2k7tc4yff4xnrgi54ldxvrov3eagsoy46qmrlckkstet4q@jpeg",
            "labels": [],
            "createdAt": "2024-11-23T20:56:54.646Z",
            "description": "Foodservice guy, artist, historical reenact-or, and love living in New England!!",
            "indexedAt": "2024-11-24T23:14:58.445Z"
        },
        {
            "did": "did:plc:y3wtatobfvyatefvy4k5c5ys",
            "handle": "jfoster.bsky.social",
            "displayName": "JohnFosterFic",
            "avatar": "https://cdn.bsky.app/img/avatar/plain/did:plc:y3wtatobfvyatefvy4k5c5ys/bafkreidqr352xc2snhwvxudmkl75tnssrv62tcmjuxczdpsgqk6yk6anvi@jpeg",
            "associated": {
                "chat": {
                    "allowIncoming": "following"
                }
            },
            "labels": [],
            "createdAt": "2023-07-25T19:28:40.743Z",
            "description": "I write horror and crime fiction, live in Brooklyn and love cooking and martial arts. My wife is the actress Linda Jones and our dog is half pit, half Dutch shepherd and all clown. Though I may wince, you really can choose any pizza toppings you like.",
            "indexedAt": "2024-12-02T12:25:08.146Z"
        },
        {
            "did": "did:plc:y3hetmje4lq2dsxd7kwd5bsp",
            "handle": "that-hector-ig.bsky.social",
            "displayName": "hecktor",
            "avatar": "https://cdn.bsky.app/img/avatar/plain/did:plc:y3hetmje4lq2dsxd7kwd5bsp/bafkreigzo3rb7p7rpsjmdtfx5hbjd6fbbfuefwd4mecl2bqlu5q2mxr6s4@jpeg",
            "labels": [
                {
                    "src": "did:plc:y3hetmje4lq2dsxd7kwd5bsp",
                    "uri": "at://did:plc:y3hetmje4lq2dsxd7kwd5bsp/app.bsky.actor.profile/self",
                    "cid": "bafyreig7mpnxre2vmpfkdqrrzjcr5vlbwciib4x6l46aqikar2e7kasybe",
                    "val": "!no-unauthenticated",
                    "cts": "2024-06-29T13:03:50.777Z"
                }
            ],
            "createdAt": "2024-06-29T13:03:52.578Z",
            "description": "They/He\nThe repostinator\nMainly fixated of Dead By Daylight, Splatoon and Roblox",
            "indexedAt": "2024-09-24T13:42:57.110Z"
        },
        {
            "did": "did:plc:y2o35elnroxblil2hm2pjqje",
            "handle": "funkypjz.itch.io",
            "displayName": "yurimaster luciel \u26a2 ",
            "avatar": "https://cdn.bsky.app/img/avatar/plain/did:plc:y2o35elnroxblil2hm2pjqje/bafkreicr4p3epfbopq7xlgsbk6f67gwblj4ajd57anwy73o6d65vfyctay@jpeg",
            "associated": {
                "chat": {
                    "allowIncoming": "following"
                }
            },
            "labels": [],
            "createdAt": "2023-07-27T19:02:17.510Z",
            "description": "\u14da\u160f\u15e2 \u1dbb z Z \n\u2583\u2583\u2583\u2583\u2583\u2583\u2583\u2583\u2583\u2583\u2583\u2583\u2583\u2583\u2583\u2583\n`. \u2727 . \u2022 luciel \u2022 he&she \u2022 23 ` \ua4b7\ua4a6 \u00b0 \n \u2570\u27a4 ic: @prismagic.bsky.social ! \n \u250a\u2661 @ptilopsis.bsky.social \u2661 . \u2260 \n \u2570\u27a4 funkypjz.straw.page \u2727 . \u0131ll\u0131l\u0131 ",
            "indexedAt": "2024-11-09T07:25:00.485Z"
        },
        {
            "did": "did:plc:xxzigk6cayt34rori5hwstmy",
            "handle": "stef47.bsky.social",
            "displayName": "The Democracy\ud83d\udc99Project",
            "avatar": "https://cdn.bsky.app/img/avatar/plain/did:plc:xxzigk6cayt34rori5hwstmy/bafkreicchbmr67eoo7drkovbn747w7xwjwo25ylkd2qbheaynnuzhnap4q@jpeg",
            "labels": [
                {
                    "src": "did:plc:xxzigk6cayt34rori5hwstmy",
                    "uri": "at://did:plc:xxzigk6cayt34rori5hwstmy/app.bsky.actor.profile/self",
                    "cid": "bafyreifyylsdsnuxu2icv3idn3bnqtebxij6f7eiywxlftg7xmrged6xga",
                    "val": "!no-unauthenticated",
                    "cts": "1970-01-01T00:00:00.000Z"
                }
            ],
            "createdAt": "2023-11-14T06:42:20.685Z",
            "description": "\ud83e\uddd3\ud83c\udffbVoted for Democrats: Hubert, George,\n     Walt, Jimmy, Mike, Bill, Al, John,\n     Barack, Hillary, Joe, Kamala.\n\u270f\ufe0f I write every day.\n\ud83d\udc99 I follow reposters who want more\n     democracy not less.\n\ud83d\ude4fAdd me to starter packs of democrats.",
            "indexedAt": "2024-12-29T17:42:20.042Z"
        },
        {
            "did": "did:plc:xxxk6ms576gqgvtg7ir2lpxd",
            "handle": "domdragonwolf.bsky.social",
            "displayName": "Dom the DragonWolf",
            "avatar": "https://cdn.bsky.app/img/avatar/plain/did:plc:xxxk6ms576gqgvtg7ir2lpxd/bafkreieypr3nnm6lhf4lmlvbx3tam23iop6ir6vn3gzjxasu4afk6uy6yi@jpeg",
            "associated": {
                "chat": {
                    "allowIncoming": "all"
                }
            },
            "labels": [],
            "createdAt": "2023-09-07T11:47:30.673Z",
            "description": "He/Him 31. Chemistry+Kingdom Hearts. Bi Poly Furry, Master Of Science: LxDET. BL*FUCKING*M, ACAB. DnD & FFXIV. NSFW. \ud83c\udfa8PFP: @JasperBro Header: Hand painted by me & my loves \ud83d\udc9cFormerly KeytoneKeyblade on the bluebird app.",
            "indexedAt": "2024-10-24T21:07:04.913Z"
        },
        {
            "did": "did:plc:xwrajire2zcop2qtbbg3uegx",
            "handle": "becky568.bsky.social",
            "displayName": "",
            "avatar": "https://cdn.bsky.app/img/avatar/plain/did:plc:xwrajire2zcop2qtbbg3uegx/bafkreihyaq6phkxazngizon3pac3q6otdo7ardnqdznafsxmonnjbxkpna@jpeg",
            "labels": [],
            "createdAt": "2024-11-13T23:57:05.978Z",
            "indexedAt": "2024-11-13T23:57:05.978Z"
        },
        {
            "did": "did:plc:xgyzqcfk7n233qe4rwfwqtba",
            "handle": "calyxgoblin.bsky.social",
            "displayName": "CalyxGoblin \ud83d\udd1e",
            "avatar": "https://cdn.bsky.app/img/avatar/plain/did:plc:xgyzqcfk7n233qe4rwfwqtba/bafkreiepoeetdzr4tso7yhlfh32wghlbg644cxvvmcr657evylp6fpr7pi@jpeg",
            "associated": {
                "chat": {
                    "allowIncoming": "all"
                }
            },
            "labels": [],
            "createdAt": "2023-09-01T18:33:43.934Z",
            "description": "\ud83d\udd1e18+ Account; Minors MDNI \ud83d\udd1e-- Weird Shit Enjoyer\n\n38, Apogender; all pronouns acceptable, but default to he/him.\n\nKeeper of the Goblin Vtuber Compendium and Goblinfolk Registry.\n\nI stream sometimes at https://www.twitch.tv/calyxgoblin",
            "indexedAt": "2024-11-22T06:57:28.554Z"
        },
        {
            "did": "did:plc:xabvrncehhnuqtfmauiux4c3",
            "handle": "katwithglasses.bsky.social",
            "displayName": "Kat",
            "avatar": "https://cdn.bsky.app/img/avatar/plain/did:plc:xabvrncehhnuqtfmauiux4c3/bafkreib2orcfqgqghexb7tbwmnpa6zabc7uvuhibg74xsdbdm2wwoqpaey@jpeg",
            "labels": [],
            "createdAt": "2024-11-16T02:19:50.011Z",
            "description": "overworked millennial who just wants to buy a house someday",
            "indexedAt": "2024-11-25T16:15:11.346Z"
        },
        {
            "did": "did:plc:x7bghwebt3r65rou6ulqaihj",
            "handle": "potatoman572.bsky.social",
            "displayName": "Potato",
            "avatar": "https://cdn.bsky.app/img/avatar/plain/did:plc:x7bghwebt3r65rou6ulqaihj/bafkreid6qztdo4rmwvs6swss6b66d2qk2sint27q42wkgjwhw2ew4pe7vq@jpeg",
            "labels": [],
            "createdAt": "2024-10-17T19:04:15.207Z",
            "description": "Powered by autism 40 potatoes and the souls of the damned",
            "indexedAt": "2024-11-04T01:59:33.379Z"
        },
        {
            "did": "did:plc:x6mwaddqj7jrzk7w3md3i7ja",
            "handle": "a-little-mystical.bsky.social",
            "displayName": "David",
            "avatar": "https://cdn.bsky.app/img/avatar/plain/did:plc:x6mwaddqj7jrzk7w3md3i7ja/bafkreibitv7lmdbrgcvav6p42perr2wtdvbnx2uqljl2wptdnt2obbohmy@jpeg",
            "associated": {
                "chat": {
                    "allowIncoming": "following"
                }
            },
            "labels": [],
            "createdAt": "2023-08-10T02:22:34.082Z",
            "description": "34, Chicago, gay!!! He/Him (they/them is also fine)",
            "indexedAt": "2024-01-20T06:05:02.629Z"
        },
        {
            "did": "did:plc:x525iqfuwzzw3mngeh47wj2n",
            "handle": "missjmtee.bsky.social",
            "displayName": "Jazzy",
            "avatar": "https://cdn.bsky.app/img/avatar/plain/did:plc:x525iqfuwzzw3mngeh47wj2n/bafkreibaulwahixjbpwf6a5ypqa5wpojg6uhc5luo4ldlbtjkaronjkesi@jpeg",
            "labels": [],
            "createdAt": "2024-11-08T01:55:22.882Z",
            "description": "Blowing through the Jasmine in my mind. Doughnut expert. August Leo. VA raised me, MD living.",
            "indexedAt": "2024-11-10T16:48:08.083Z"
        },
        {
            "did": "did:plc:x4wrvumqzq2gh4esd7umoaqi",
            "handle": "jrh9803.bsky.social",
            "displayName": "",
            "avatar": "https://cdn.bsky.app/img/avatar/plain/did:plc:x4wrvumqzq2gh4esd7umoaqi/bafkreibin5s5thkp3ueunu2xchtyoubxghtsvcajffgf7okts4xkbr7uzq@jpeg",
            "labels": [],
            "createdAt": "2024-11-21T01:20:00.572Z",
            "indexedAt": "2024-11-21T01:20:00.572Z"
        },
        {
            "did": "did:plc:x4qlvcw3bg2ikierltzd7fib",
            "handle": "choosenkaos.bsky.social",
            "displayName": "",
            "avatar": "https://cdn.bsky.app/img/avatar/plain/did:plc:x4qlvcw3bg2ikierltzd7fib/bafkreibs4b5mdw46khehuxm3tw6p62ktvdifqzpjjmtkzptjprhk2uzbae@jpeg",
            "labels": [],
            "createdAt": "2024-11-15T19:19:36.831Z",
            "description": "Packers fan likes video games and politics plus some stupid things",
            "indexedAt": "2024-11-23T14:48:16.845Z"
        },
        {
            "did": "did:plc:x26exhd737truodzxlrffjnb",
            "handle": "stonedferret.bsky.social",
            "displayName": "StonedFerret",
            "avatar": "https://cdn.bsky.app/img/avatar/plain/did:plc:x26exhd737truodzxlrffjnb/bafkreigdv6elmtj252oxpcop3kpsoegqj3bb7wzyn74sp6bw2mslqdegam@jpeg",
            "labels": [],
            "createdAt": "2024-11-26T18:34:32.047Z",
            "description": "Poet and gamer, massive nerd about music, gaming, movies, and Warhammer. \n\nIf you\u2019d like to check out my poetry, it\u2019s all on Patreon and it\u2019s all permanently free. \n\nhttps://www.patreon.com/stoned_ferrets_woodland_wanderings",
            "indexedAt": "2024-12-06T18:45:46.648Z"
        },
        {
            "did": "did:plc:wxvgqpuwc46r5l5dgodxbrda",
            "handle": "auroroboros.bsky.social",
            "displayName": "\ud83e\udd8bAuroroboros\ud83e\udd8b",
            "avatar": "https://cdn.bsky.app/img/avatar/plain/did:plc:wxvgqpuwc46r5l5dgodxbrda/bafkreidas4vnfrl2ii456arhjnel6q4ufghgzc2uu5gd2y22afd3cxneba@jpeg",
            "associated": {
                "chat": {
                    "allowIncoming": "all"
                }
            },
            "labels": [],
            "createdAt": "2024-11-05T06:49:36.078Z",
            "indexedAt": "2024-11-15T06:59:55.739Z"
        },
        {
            "did": "did:plc:wvustesclcch44xbyqxhs2c3",
            "handle": "vertvoltapress.bsky.social",
            "displayName": "Vlad @ Vertvolta Press",
            "avatar": "https://cdn.bsky.app/img/avatar/plain/did:plc:wvustesclcch44xbyqxhs2c3/bafkreiamnayvdtadyxepdqmtlfghtt4udetncesoqitfjixcyda7qlzgqm@jpeg",
            "associated": {
                "chat": {
                    "allowIncoming": "all"
                }
            },
            "labels": [],
            "createdAt": "2023-07-21T21:38:35.579Z",
            "description": "Imprints: Extra:Solar, Hinton Publishing.\nRun by Vlad Verano, Designer/Publisher; part-time bookseller. Moonlights as artist/illustrator/astromech. Latest book; THREE ALARM FIRE (Hinton) https://vertvolta-design-press.square.site/product/Three_Alarm_Fire/3",
            "indexedAt": "2024-11-20T20:49:47.597Z"
        },
        {
            "did": "did:plc:wvtoazt62qkbyqu6chthkipp",
            "handle": "tonedeafmusical.bsky.social",
            "displayName": "Tone Deaf: A Theatre Nerd's Guide for their Spouse",
            "avatar": "https://cdn.bsky.app/img/avatar/plain/did:plc:wvtoazt62qkbyqu6chthkipp/bafkreiau75i3v4ffdgm3xdxwbf72zmwsgvlogvcemix4hhhudewhrrkmjq@jpeg",
            "associated": {
                "chat": {
                    "allowIncoming": "following"
                }
            },
            "labels": [],
            "createdAt": "2023-08-03T23:15:34.637Z",
            "indexedAt": "2024-10-18T14:08:17.406Z"
        },
        {
            "did": "did:plc:wvb52msmxp5zxtpoosbhonp5",
            "handle": "ghostego.bsky.social",
            "displayName": "Every Angle Fails",
            "avatar": "https://cdn.bsky.app/img/avatar/plain/did:plc:wvb52msmxp5zxtpoosbhonp5/bafkreifcxhzcj4m64oax6lb43caevqglq2lg7eaeadgximatynidllp3ta@jpeg",
            "labels": [],
            "createdAt": "2023-12-14T03:51:55.110Z",
            "description": "\ud83c\udf99\ufe0fHost Of: Not Another Horror Podcast\n\ud83d\udcf7Documentary Photographer \n\ud83d\udcbbCybersecurity Enthusiast\n\ud83d\udd2e Moonlight Conjurer",
            "indexedAt": "2024-11-27T06:26:59.244Z"
        },
        {
            "did": "did:plc:wpddxrm5oyidgv4oispgblgi",
            "handle": "gonzonyc.bsky.social",
            "displayName": "",
            "avatar": "https://cdn.bsky.app/img/avatar/plain/did:plc:wpddxrm5oyidgv4oispgblgi/bafkreifo4lwthxbyf6weueewjkfgq65e3gnebpd2nf42a6lcc3haebt3yu@jpeg",
            "labels": [],
            "createdAt": "2024-11-20T23:22:35.972Z",
            "description": "NYC. Progressive Dem. Science is real. We are all stardust. Have a nice day.",
            "indexedAt": "2024-12-15T13:30:05.442Z"
        },
        {
            "did": "did:plc:wpd6ynvkla5zuotf2mmyyinc",
            "handle": "nohwear.bsky.social",
            "displayName": "Ian Shannon",
            "avatar": "https://cdn.bsky.app/img/avatar/plain/did:plc:wpd6ynvkla5zuotf2mmyyinc/bafkreigcsef2col3roctym6hhqu4dx77q664raqn5p4vfu4zptbsd5vzqe@jpeg",
            "labels": [],
            "createdAt": "2024-11-17T15:59:48.234Z",
            "description": "Cis Male Aro/Ace He/Him",
            "indexedAt": "2024-11-18T01:35:36.811Z"
        },
        {
            "did": "did:plc:woqezerct2uiqwc7vlkopxoa",
            "handle": "dwaynefuhlhage.bsky.social",
            "displayName": "Seasonally Festive Post Monger",
            "avatar": "https://cdn.bsky.app/img/avatar/plain/did:plc:woqezerct2uiqwc7vlkopxoa/bafkreigs5yd44zwcs4czem3sxnq6xpnagf6xusphc3ztvuldzvyoijacw4@jpeg",
            "associated": {
                "chat": {
                    "allowIncoming": "following"
                }
            },
            "labels": [
                {
                    "src": "did:plc:woqezerct2uiqwc7vlkopxoa",
                    "uri": "at://did:plc:woqezerct2uiqwc7vlkopxoa/app.bsky.actor.profile/self",
                    "cid": "bafyreieq7gcmymuma7o5o6maczimur4jwzxiwutsah4rs2vfijfgvazbzu",
                    "val": "!no-unauthenticated",
                    "cts": "1970-01-01T00:00:00.000Z"
                }
            ],
            "createdAt": "2023-06-30T00:02:18.512Z",
            "description": "All around nerd. I love photography, technology, cars, charismatic animals, memes, and running sports. Halloween fanatic and 12 ft Skelly dad. Ad hoc member of the #uglydogs community. This is a strictly personal account.",
            "indexedAt": "2024-12-11T23:13:56.142Z"
        },
        {
            "did": "did:plc:wnjozv67kwuj5vnvl2v2v4ni",
            "handle": "kelly19895.bsky.social",
            "displayName": "Maria",
            "avatar": "https://cdn.bsky.app/img/avatar/plain/did:plc:wnjozv67kwuj5vnvl2v2v4ni/bafkreihjff7iccxmzs6sgmnng5znvxyl2scc2go47nsjz6a7auwzibsegq@jpeg",
            "labels": [],
            "createdAt": "2024-11-26T16:47:08.746Z",
            "description": "\ud83d\udcabEnthusiastic life explorer/\ud83d\udcdaLiterature lover/\ud83c\udf0eTravel lover/\ud83c\udfa8Art and culture lover/\ud83d\udc78Feminist/Share my views and inspiration/Welcome to communicate\ud83e\udd17",
            "indexedAt": "2024-12-05T18:13:15.144Z"
        },
        {
            "did": "did:plc:wlntcjixseniqjhdijchqj7l",
            "handle": "tactraffic.bsky.social",
            "displayName": "Thomas Corbett",
            "avatar": "https://cdn.bsky.app/img/avatar/plain/did:plc:wlntcjixseniqjhdijchqj7l/bafkreifrufokxiqv2jjmxfybfhc4e53ejoy32fjtogwvy2mnfcauqedf2u@jpeg",
            "labels": [],
            "createdAt": "2024-11-20T15:21:50.870Z",
            "description": "Space enthusiast, music lover, traffic nerd. ",
            "indexedAt": "2024-11-20T15:26:47.369Z"
        },
        {
            "did": "did:plc:wk4akttwitsl5cjgnpfdycz7",
            "handle": "ritzatliberty.bsky.social",
            "displayName": "",
            "avatar": "https://cdn.bsky.app/img/avatar/plain/did:plc:wk4akttwitsl5cjgnpfdycz7/bafkreigqys23xzz2xoejpoltxleefii2gch2mdz6fr4icwn5k5mjilrbka@jpeg",
            "labels": [],
            "createdAt": "2024-11-18T09:52:14.645Z",
            "indexedAt": "2024-11-18T09:52:14.645Z"
        },
        {
            "did": "did:plc:wjso6shm24vj3srfdeeyubuy",
            "handle": "grittspitter.bsky.social",
            "displayName": "Ben Jammin",
            "avatar": "https://cdn.bsky.app/img/avatar/plain/did:plc:wjso6shm24vj3srfdeeyubuy/bafkreigsyytfcpwxpp7ctwixyijy5qjsgiystejac7kerxbzosl24fb24e@jpeg",
            "labels": [],
            "createdAt": "2023-12-03T09:33:41.905Z",
            "description": "Hermit cat dad.  Lifelong PC gamer/IT nerd. Cozy vibes, nostalgia, and other stuff and things...",
            "indexedAt": "2024-11-14T17:25:33.531Z"
        },
        {
            "did": "did:plc:wep4ljsx6jb5xy24xfuyrcz4",
            "handle": "photoblair.bsky.social",
            "displayName": "photoblair.bsky.social",
            "avatar": "https://cdn.bsky.app/img/avatar/plain/did:plc:wep4ljsx6jb5xy24xfuyrcz4/bafkreiayeyenia7doywmeev6c7jmsd66sluo2t2tuf4efjrt2rakjsfk5q@jpeg",
            "associated": {
                "chat": {
                    "allowIncoming": "none"
                }
            },
            "labels": [],
            "createdAt": "2024-04-26T11:11:41.923Z",
            "description": "photo guy. wife guy. reply guy. turonno guy.\n\nall photos mine, except for reposts, which I do liberally. \n\nsales guy:\nhttp://tee.pub/lic/photoblair\nhttps://ko-fi.com/photoblair",
            "indexedAt": "2024-12-26T11:20:28.342Z"
        },
        {
            "did": "did:plc:wdlwxyxcouiahf5obq3n4dau",
            "handle": "ceruwolf.bsky.social",
            "displayName": "CERUWOLF\u2199\ufe0f\u2196\ufe0f\ud83d\udd25\u2197\ufe0f\u2198\ufe0f",
            "avatar": "https://cdn.bsky.app/img/avatar/plain/did:plc:wdlwxyxcouiahf5obq3n4dau/bafkreiae6hd4xjrfzsymxpmxlftns6dedga3xrxgmfw3xe7aerrb5a7ypq@jpeg",
            "labels": [],
            "createdAt": "2023-08-05T09:12:01.606Z",
            "description": "[LV.34\ud83d\udc3a\ud83c\udf19\ud83c\udff3\ufe0f\u200d\ud83c\udf08He/him]\n[\ud83c\udfaeMario & Luigi: Brothership]\n\nSocialist lone wolf nobody, music/puzzle gamer, professional Walmart hater, weird playlist maker, trying to stream, cook, draw, & workout more. Frequent reposter. AWOOOOOOOOO\ud83d\udc3e\n\ud83d\udd1eLikes may be suggestive\ud83d\udd1e",
            "indexedAt": "2024-12-24T00:15:10.443Z"
        },
        {
            "did": "did:plc:wc36d4quhrmhbi47l4ymxenv",
            "handle": "sportsgenius38.bsky.social",
            "displayName": "Doug Thompson",
            "avatar": "https://cdn.bsky.app/img/avatar/plain/did:plc:wc36d4quhrmhbi47l4ymxenv/bafkreicevqlvygr6xiyfipqzpy4lijrgmxfr4ic3qym2zfvbwrjpnja4je@jpeg",
            "labels": [],
            "createdAt": "2024-10-08T22:52:28.308Z",
            "description": "OTR Truck Driver,Married to Sarah,we live in Wyoming,Michigan with 2 Cats Dolly(16) and Freighter(6)",
            "indexedAt": "2024-11-14T17:39:18.326Z"
        },
        {
            "did": "did:plc:w7xiq43x6meu37fvq6am54ka",
            "handle": "xaeryphyx.bsky.social",
            "displayName": "Aselyn Violet",
            "avatar": "https://cdn.bsky.app/img/avatar/plain/did:plc:w7xiq43x6meu37fvq6am54ka/bafkreicg2apvtusmow3lospbil7t55d2e2ioc4m4h2l5ccoh4yvcomvxw4@jpeg",
            "labels": [
                {
                    "src": "did:plc:w7xiq43x6meu37fvq6am54ka",
                    "uri": "at://did:plc:w7xiq43x6meu37fvq6am54ka/app.bsky.actor.profile/self",
                    "cid": "bafyreibxkytekesmhgqrwuhhrgd3seszrfyjbbnju5se2uttafe5gs5cvi",
                    "val": "!no-unauthenticated",
                    "cts": "2024-11-19T17:23:42.641Z"
                }
            ],
            "createdAt": "2024-11-19T17:24:10.533Z",
            "description": "They/Them\nIdk what I'm doing and you can't stop me.",
            "indexedAt": "2024-11-19T18:56:36.889Z"
        }
    ],
    "cursor": "did:plc:w7xiq43x6meu37fvq6am54ka",
    "uri": "at://did:plc:a4pqq234yw7fqbddawjo7y35/app.bsky.feed.post/3lbufybe4i22f"
}