{
    "actors": [
        {
            "did": "did:plc:62gdkmpwa7xme36getyqnem3",
            "handle": "astrokatie.com",
            "displayName": "Katie Mack",
            "avatar": "https://cdn.bsky.app/img/avatar/plain/did:plc:62gdkmpwa7xme36getyqnem3/bafkreia7wdfi6wwp5dfe3tn2urjnkkujdds6x2bjebf2bbjnxx2h36cnnu@jpeg",
            "associated": {
                "chat": {
                    "allowIncoming": "following"
                }
            },
            "labels": [],
            "createdAt": "2023-04-21T05:03:00.394Z",
            "description": "Cosmologist, pilot, author, connoisseur of cosmic catastrophes. TEDFellow, CIFAR Azrieli Global Scholar. She/her. Dr.\nPersonal account; not speaking for employer or anyone else.",
            "indexedAt": "2024-12-18T15:40:15.843Z"
        },
        {
            "did": "did:plc:bemgc2akibaypvewcb74ezjr",
            "handle": "katienotopoulos.bsky.social",
            "displayName": "Katie Notopoulos",
            "avatar": "https://cdn.bsky.app/img/avatar/plain/did:plc:bemgc2akibaypvewcb74ezjr/bafkreibpykp7wdv7oqu7xexrd2khwiu5443c73wo3czutlex6tkulwwpoq@jpeg",
            "associated": {
                "chat": {
                    "allowIncoming": "all"
                }
            },
            "labels": [],
            "createdAt": "2023-04-27T15:20:08.021Z",
            "description": "Blogger at Business Insider, covering tech, business, culture. knotopoulos@businessinsider.com",
            "indexedAt": "2024-12-07T23:38:06.945Z"
        },
        {
            "did": "did:plc:2hltimymy65zl5ba7ifsq3qr",
            "handle": "katiephang.bsky.social",
            "displayName": "Katie Phang",
            "avatar": "https://cdn.bsky.app/img/avatar/plain/did:plc:2hltimymy65zl5ba7ifsq3qr/bafkreigd32rxim5yi5ninlbqk34e5fbmidbid4nz2pcssjwkj6let2ezrm@jpeg",
            "labels": [],
            "createdAt": "2023-04-29T15:38:55.237Z",
            "description": "Host of @katiephangshow, MSNBC | Legal Contributor & Legal Correspondent, NBC and MSNBC | Mom to Charlotte \ud83d\udc67\ud83c\udffb & Lucky  \ud83d\udc3e",
            "indexedAt": "2024-12-01T17:56:56.944Z"
        },
        {
            "did": "did:plc:ywbm3iywnhzep3ckt6efhoh7",
            "handle": "katie.bzky.team",
            "displayName": "Katie Tightpussy, Editor-In-Chief",
            "avatar": "https://cdn.bsky.app/img/avatar/plain/did:plc:ywbm3iywnhzep3ckt6efhoh7/bafkreib27b32wvkcmkvvxexsei6rkriqv2w6kayju5niwdmxpw4lfobrpm@jpeg",
            "associated": {
                "chat": {
                    "allowIncoming": "all"
                }
            },
            "labels": [],
            "createdAt": "2023-04-28T04:03:57.323Z",
            "description": "i'm the most RESPECTFUL transsexual journalist in the world\n@khronos.world\ntightpussy.shop\nshe/her\n\npeople i've turned trans: 230",
            "indexedAt": "2024-12-24T22:48:55.343Z"
        },
        {
            "did": "did:plc:2mhcf74vqcaa4hz36njfdtn5",
            "handle": "katie-drummond.bsky.social",
            "displayName": "Katie Drummond",
            "avatar": "https://cdn.bsky.app/img/avatar/plain/did:plc:2mhcf74vqcaa4hz36njfdtn5/bafkreiegnvy3fndjdtahzl2omowdqn57y5xuxlbvj66zqucig4wxdwuv64@jpeg",
            "labels": [],
            "createdAt": "2024-11-07T15:49:18.778Z",
            "description": "Global Editorial Director of WIRED. Proud board member @freedom.press so go follow them too.",
            "indexedAt": "2024-12-01T19:37:43.846Z"
        },
        {
            "did": "did:plc:svewk5ehek44mvlugtn5pbig",
            "handle": "skatie420.bsky.social",
            "displayName": "katie",
            "avatar": "https://cdn.bsky.app/img/avatar/plain/did:plc:svewk5ehek44mvlugtn5pbig/bafkreibhndgqzzrtxpyeuvikpn5l5onfdn6cfjp24jsrrv3arxct24naha@jpeg",
            "associated": {
                "chat": {
                    "allowIncoming": "all"
                }
            },
            "labels": [],
            "createdAt": "2023-04-27T21:45:19.710Z",
            "description": "i\u2019m nice",
            "indexedAt": "2024-01-20T05:34:47.332Z"
        },
        {
            "did": "did:plc:m2xy2cgww4hvks4vu3gjufzl",
            "handle": "k8em0.bsky.social",
            "displayName": "Katie Moussouris (she/her/she-hulk/she-ra)\ud83c\udf3b",
            "avatar": "https://cdn.bsky.app/img/avatar/plain/did:plc:m2xy2cgww4hvks4vu3gjufzl/bafkreidd2hzl2d4wwc75uglpwk7jlmfq3uai43bvqljd5lf6b4e3fuzq3i@jpeg",
            "associated": {
                "chat": {
                    "allowIncoming": "following"
                }
            },
            "labels": [],
            "createdAt": "2023-04-24T13:08:48.013Z",
            "description": "Founder & CEO LutaSecurity @payequitynow MIT&Harvard visiting scholar, @MasonNatSec fellow, 1/2 Chamoru, 1/2 Greek all-American hacker",
            "indexedAt": "2024-01-20T05:35:49.493Z"
        },
        {
            "did": "did:plc:vnpzk7bvjpv3l4kxqw2z4thg",
            "handle": "katie0martin.bsky.social",
            "displayName": "Katie Martin",
            "avatar": "https://cdn.bsky.app/img/avatar/plain/did:plc:vnpzk7bvjpv3l4kxqw2z4thg/bafkreia72vd3coekb4nny4ouydupvd5ajd2j2fpfzvq3xv4ddvaoiecfgu@jpeg",
            "associated": {
                "chat": {
                    "allowIncoming": "following"
                }
            },
            "labels": [],
            "createdAt": "2023-07-05T12:06:53.371Z",
            "description": "Markets, journalism, gardening, making bread, climbing, E17, echo chamber enthusiast. Team FT. Unhedged podcast. Not as horrible as my Uber rating suggests.",
            "indexedAt": "2024-12-13T11:14:46.543Z"
        },
        {
            "did": "did:plc:smd3fsfdnphrl4bga46ejnn6",
            "handle": "katierobertson.bsky.social",
            "displayName": "Katie Robertson",
            "avatar": "https://cdn.bsky.app/img/avatar/plain/did:plc:smd3fsfdnphrl4bga46ejnn6/bafkreibwdslpwmtmcx5dxq2nlefenuio4pv2qnfzpocihabikwkdo46era@jpeg",
            "labels": [],
            "createdAt": "2023-05-30T13:36:59.640Z",
            "description": "Media reporter at The New York Times",
            "indexedAt": "2024-01-20T05:53:59.090Z"
        },
        {
            "did": "did:plc:53iem3ywgmysmb44rvkvydtu",
            "handle": "katiehonan.bsky.social",
            "displayName": "katie honan",
            "avatar": "https://cdn.bsky.app/img/avatar/plain/did:plc:53iem3ywgmysmb44rvkvydtu/bafkreih6wvcgs3w6tiahjlfp2pfdyau7ctj2d7my2sbcjrofggckv7wxte@jpeg",
            "labels": [],
            "createdAt": "2024-09-09T13:36:05.017Z",
            "description": "Senior reporter at THE CITY, co-host of FAQ NYC, townie. \ud83c\udf10 \ud83c\udf55\ud83d\udcf8\n\n\ud83d\udd17 thecity.nyc\n\n\ud83d\udd17 katiehonan.substack.com",
            "indexedAt": "2024-09-09T13:48:39.919Z"
        }
    ],
    "cursor": "10"
}